song_name,clip_index,label,label_name,autocorr_decay_tau,coherence_bass,coherence_brilliance,coherence_high_mid,coherence_low_mid,coherence_mean,coherence_mid,coherence_peak_freq,coherence_presence,coherence_sub_bass,cross_mt_bass_mag,cross_mt_brilliance_mag,cross_mt_high_mid_mag,cross_mt_low_mid_mag,cross_mt_mid_mag,cross_mt_presence_mag,cross_mt_sub_bass_mag,cross_welch_bass_mag,cross_welch_brilliance_mag,cross_welch_high_mid_mag,cross_welch_low_mid_mag,cross_welch_mid_mag,cross_welch_presence_mag,cross_welch_sub_bass_mag,mfcc_0_mean,mfcc_0_std,mfcc_10_mean,mfcc_10_std,mfcc_11_mean,mfcc_11_std,mfcc_12_mean,mfcc_12_std,mfcc_1_mean,mfcc_1_std,mfcc_2_mean,mfcc_2_std,mfcc_3_mean,mfcc_3_std,mfcc_4_mean,mfcc_4_std,mfcc_5_mean,mfcc_5_std,mfcc_6_mean,mfcc_6_std,mfcc_7_mean,mfcc_7_std,mfcc_8_mean,mfcc_8_std,mfcc_9_mean,mfcc_9_std,mt_bass_power,mt_brilliance_power,mt_high_mid_power,mt_low_mid_power,mt_mid_power,mt_presence_power,mt_spectral_flatness,mt_spectral_rolloff_85,mt_spectral_rolloff_95,mt_sub_bass_power,note_density,onset_strength_mean,onset_strength_std,pdc_asymmetry,pdc_lr_bass,pdc_lr_brilliance,pdc_lr_high_mid,pdc_lr_low_mid,pdc_lr_mid,pdc_lr_presence,pdc_lr_sub_bass,pdc_rl_bass,pdc_rl_brilliance,pdc_rl_high_mid,pdc_rl_low_mid,pdc_rl_mid,pdc_rl_presence,pdc_rl_sub_bass,rms_mean,rms_std,stft_bass_mean,stft_bass_std,stft_brilliance_mean,stft_brilliance_std,stft_high_mid_mean,stft_high_mid_std,stft_low_mid_mean,stft_low_mid_std,stft_mid_mean,stft_mid_std,stft_presence_mean,stft_presence_std,stft_spectral_flux_mean,stft_spectral_flux_std,stft_sub_bass_mean,stft_sub_bass_std,stft_temporal_centroid,tempo,welch_bass_power,welch_brilliance_power,welch_high_mid_power,welch_low_mid_power,welch_mid_power,welch_presence_power,welch_spectral_centroid,welch_spectral_kurtosis,welch_spectral_skewness,welch_spectral_spread,welch_sub_bass_power,xcorr_lr_lag_at_peak,xcorr_lr_peak,zcr_mean,zcr_std
Beethoven - Moonlight Sonata (1st Movement),0,0,emotional,0.0010000000000004003,0.8740195,0.036754727,0.18401368,0.4813467,0.14121737,0.37621096,64.599609375,0.04824763,0.9587726,0.0011875784214969562,3.0275006610093456e-11,1.9862183450342743e-08,0.0006416351885478682,2.6181442050218535e-05,6.000818256051813e-11,1.2654912867198548e-05,0.002136753,2.1368823e-11,3.3889357e-08,0.0013638316,5.041778e-05,5.2354676e-11,7.646355e-05,-149.29813,35.453568,-4.1345835,5.6780477,-5.911522,4.7797503,-8.418033,5.3127413,211.97247,23.105728,67.52629,16.354643,2.7417169,10.242187,2.9576273,10.427501,0.19387756,7.1107183,-7.3965693,6.6811576,-5.954591,6.503861,-4.523726,5.781458,-4.9635906,5.4183292,0.0014463197666353634,4.341709497003892e-11,2.3265596490626803e-08,0.0007022907180523364,3.269803250688346e-05,9.330565559062024e-11,8.666088564929573e-06,416.3666666666667,661.9,1.5382580730885373e-05,1.9666666666666666,0.49182147,0.69367486,-0.002865146876791902,0.2909085977934199,0.0,0.4583107959988408,0.3569691777878777,0.40734150463810426,0.0,0.2710158907157631,0.6988564668021925,0.0,0.40027737804904123,0.5759112025051492,0.33687523007894105,0.0,0.6404884432168783,0.9177411,0.39650905,-34.53773,12.62222,-79.993286,0.19008332,-78.64828,4.2002125,-36.550167,15.33472,-61.348682,15.748289,-79.977745,0.36850756,2.3292282,0.68282056,-39.827953,7.5264025,0.5043123447250687,123.046875,0.0026309972,8.1463246e-11,4.8878334e-08,0.0016284346,6.628293e-05,1.7668053e-10,316.44369768716655,14.734939549352056,2.153219429569475,171.29953305745684,9.270879e-05,0.00013605442176870748,0.6687433,0.028937844669117647,0.006594518373224261
Beethoven - Moonlight Sonata (1st Movement),1,0,emotional,0.0010000000000003424,0.9183067,0.037525892,0.29320002,0.4780583,0.15923457,0.33403352,75.3662109375,0.06344527,0.9624983,0.0014673800776935034,1.709961584577198e-11,6.246646281855493e-08,0.0004909956638015427,3.212717085723638e-05,7.194862556845861e-11,7.203566244995774e-06,0.0026777978,1.2925423e-11,9.741666e-08,0.0010245946,5.4191227e-05,9.3515605e-11,3.0673833e-05,-140.32329,39.94488,-6.0271287,7.5338035,-6.2319455,6.34268,-4.6124268,6.6699576,189.86754,26.141376,65.56085,15.592769,8.669325,10.212571,6.463136,9.076978,4.3577604,7.7098107,-3.3484786,6.496946,-7.0682817,7.2789054,-6.8393025,5.7573647,-5.5874577,6.348741,0.0018058188212457871,2.607468803683851e-11,6.799700056213766e-08,0.0005086120048837453,2.5364080022307824e-05,1.051250532100762e-10,7.993703193437139e-06,417.0333333333333,556.9666666666667,8.915026231359465e-06,1.4,0.47546598,0.82231003,0.18088197802686695,0.697918585185468,0.0,0.46089439869330917,0.7755018711762148,0.49169546226608074,0.0,0.6294795336603378,0.5272263025987134,0.0,0.26741959615591204,0.4942790229259987,0.3317549085091442,0.0,0.4781405058236129,0.86990327,0.4929007,-40.52419,13.823628,-79.99962,0.024115909,-79.0135,3.8637378,-41.491074,14.443364,-65.91046,14.019354,-79.98591,0.35709214,2.0896916,0.74651974,-46.941193,7.438704,0.5508746980707714,123.046875,0.0033125132,4.9541714e-11,1.2284798e-07,0.0011971133,5.3121246e-05,1.9955698e-10,270.524662374524,19.956489840469338,2.3228158168811315,163.31178608538076,3.7917314e-05,0.00018140589569160998,0.64656883,0.028032332381965945,0.006957607797311412
Beethoven - Moonlight Sonata (1st Movement),2,0,emotional,0.004632238873998121,0.9223973,0.0349163,0.28513482,0.39707524,0.15845025,0.3521046,64.599609375,0.06986631,0.9692037,0.000983183185458621,3.70124867776921e-11,6.608983252465028e-08,0.0005527328191473113,4.6258374390112096e-05,1.6752207555689146e-10,1.3647083434289615e-05,0.0019075513,1.650608e-11,1.1133461e-07,0.0010288681,8.244655e-05,1.936808e-10,4.093387e-05,-144.77284,44.75877,-6.479109,6.7392244,-8.577776,6.8399587,-5.389573,7.8369985,201.85506,28.583088,58.73926,20.742212,7.0643306,12.809558,11.6748905,7.440154,3.9915643,8.295563,-6.598373,8.251211,-6.0358396,7.9461427,-3.355616,6.9863167,-3.3961706,7.218689,0.0012666622245562046,6.517692910264889e-11,7.381545690737132e-08,0.0007733570158564806,3.776677033035447e-05,2.752193304747748e-10,1.9577305445989308e-05,418.5,563.0,1.7622723561596877e-05,1.5,0.5128455,0.84938604,0.21462288852881495,0.6446265645195928,0.0,0.5189832894847506,0.6903769532840848,0.32409787666934736,0.0,0.597242323259162,0.4662829244004248,0.0,0.09878446051273983,0.3913610429725604,0.21848852789084539,0.0,0.4650196520734159,0.8613489,0.50572723,-36.91193,13.706362,-79.98143,0.46486798,-78.231476,4.997766,-37.283756,14.173321,-62.46559,15.0748625,-79.944435,0.83975136,2.357039,0.8844442,-41.648827,7.5025153,0.5435051260075269,123.046875,0.0024812417,6.8177866e-11,1.3716154e-07,0.0016131819,7.585092e-05,4.1721476e-10,290.2903231124849,18.867064943132814,2.3902335671173,184.53031446614935,5.2855885e-05,9.070294784580499e-05,0.55600935,0.030269658233359132,0.007319580405838994
Cherished Memories (From Pluto),0,0,emotional,0.001000000000000001,0.71295065,0.70164174,0.7602164,0.55518377,0.6250469,0.6027351,9695.32470703125,0.324393,0.39345318,0.0005419530284899584,4.308949199319196e-11,6.381052508442559e-07,0.0009385871199547945,2.971701591150019e-05,8.608910583349591e-10,7.388815473333887e-06,0.0010061132,8.214141e-11,1.2317773e-06,0.0017415102,5.9129696e-05,1.630344e-09,1.1519829e-05,-62.976032,41.41991,-4.5089793,7.632198,-10.15297,9.996386,-11.270576,8.262629,201.00294,21.190104,7.3835216,24.971937,-4.4528513,10.439317,18.610363,8.541997,-7.399516,10.845592,-9.201094,8.409854,-2.6885614,6.6411996,-13.469479,7.5219836,-10.923769,7.19149,0.0006841836722161154,6.158655257673677e-11,8.451843022620223e-07,0.001262367652685082,3.777766301384815e-05,1.1226301742294791e-09,1.9554358703293396e-05,494.2,785.6333333333333,1.0390718056501532e-05,2.8333333333333335,0.67300695,0.8526514,-0.005183878077664017,0.5043618264764763,0.0,0.2797111212564991,0.42452062120443157,0.45344013614680184,0.0,0.578711981777407,0.1546723712003094,0.0,0.6378319050091482,0.4777735213145768,0.3398529873412141,0.0,0.15258635052724243,0.90256256,0.4302776,-37.35832,12.398227,-79.98779,0.2792741,-73.8683,9.538084,-38.14632,13.689267,-55.913784,14.728134,-79.8291,1.3901707,2.9856167,0.89400446,-51.486286,9.205637,0.49441657244769943,107.666015625,0.0013585656,1.2066355e-10,1.6499174e-06,0.0024865414,8.1438346e-05,2.2381776e-09,410.19071794641224,21.795991859111666,3.334241903336408,263.5039799624999,1.9056744e-05,4.5351473922902495e-05,0.5482785,0.04197253531346749,0.009426851318922623
Cherished Memories (From Pluto),1,0,emotional,0.001000000001542735,0.6995965,0.6873203,0.73403496,0.57632446,0.62340087,0.64231414,9673.79150390625,0.3453971,0.43194392,0.0006861964840984522,2.2674748252194123e-11,3.471577326303967e-07,0.0004645190858687743,7.3101613225024e-05,5.169278951569287e-10,5.82136114509175e-06,0.0014411204,4.4083168e-11,8.809686e-07,0.001077814,0.00014642904,8.864412e-10,9.661415e-06,-91.53902,60.63267,-7.9896812,10.706943,-8.670605,12.054758,-8.096066,9.561981,197.20758,34.81533,10.203475,25.837229,-8.324305,8.983736,14.514847,12.795753,-6.870808,9.034776,-11.027368,9.612088,-3.87303,9.670928,-11.501134,8.806172,-12.775569,8.664783,0.0008038248939445689,3.399055185849556e-11,4.4271492966109096e-07,0.0006117529476313779,8.69300922689309e-05,6.073803513309206e-10,2.267556502861e-05,740.5666666666666,1043.2,7.5922723115478145e-06,1.9333333333333333,0.6373433,0.8941207,0.02780568499820041,0.46270408152745013,0.0,0.08274750212948079,0.32101792045060157,0.5492332411933917,0.0,0.4202101668256846,0.2144950777824053,0.0,0.42766141628750837,0.47746759276232903,0.3434337157306681,0.0,0.12702281786265962,0.8269322,0.5606337,-40.04483,14.149238,-79.9768,0.45042127,-74.6746,9.139682,-40.33084,14.830042,-57.088333,16.039454,-79.85478,1.2197219,2.768553,1.0070223,-55.108437,10.044626,0.6623760559041126,103.359375,0.001758947,6.404756e-11,1.1430552e-06,0.0014968354,0.00018758523,1.0980485e-09,444.1944039345957,8.343608253727062,1.850508752684011,314.20284682511254,1.4260703e-05,4.5351473922902495e-05,0.60590035,0.04279188032120743,0.01196621805163644
Cherished Memories (From Pluto),2,0,emotional,0.0010000000000130354,0.6998008,0.69764096,0.7380057,0.5890524,0.6285173,0.62504107,9679.1748046875,0.3560842,0.3940251,0.0006317509022317012,3.205966973041978e-11,6.128872431512812e-07,0.000530412893415895,8.297429737654858e-05,7.47381367192192e-10,4.331673144501858e-06,0.0013562435,4.9839056e-11,1.3360242e-06,0.0010533485,0.00017315205,1.4269503e-09,7.933435e-06,-82.95428,67.17566,-9.965376,9.766884,-7.1948657,8.996675,-0.7395187,9.602726,211.99062,38.73121,2.1433885,24.139921,-11.605703,11.123088,13.870159,16.994421,-8.460418,8.979011,-8.037724,8.545546,-2.0388777,7.616248,-12.396143,8.739086,-13.290362,8.613367,0.0007518531198473403,4.261086219717223e-11,7.607882861130239e-07,0.0006700553064870535,9.992267897990036e-05,9.109415766116493e-10,3.1923781814930475e-05,779.2333333333333,1236.3,5.694263628591366e-06,2.5,0.65137863,0.77966243,0.0764083345550427,0.4374422011555046,0.0,0.2684936618146112,0.32919579996409887,0.5911887953199876,0.0,0.4678640570796482,0.10846927520534365,0.0,0.5826663116546945,0.40322393955077257,0.3411100669649606,0.0,0.0678425240878293,0.86068785,0.5084274,-37.19997,15.480612,-79.966095,0.5975187,-73.10162,10.194691,-37.652164,14.407966,-53.306824,16.190788,-79.780174,1.6045908,2.9719133,0.9736018,-53.079674,9.932964,0.41591467895351564,103.359375,0.0016756465,7.1340475e-11,1.6879103e-06,0.0014068637,0.0002214426,1.8529036e-09,471.1093555123184,7.76418365376107,1.8844184525998273,347.81426527634403,1.211401e-05,4.5351473922902495e-05,0.63211113,0.04883341597329721,0.014817751787830756
Ludovico Einaudi - Experience (solo piano performance),0,0,emotional,0.05452928061280408,0.4431714,0.058145616,0.08734215,0.33258507,0.11493623,0.292662,91.51611328125,0.08392874,0.5370766,0.0005283892192644266,4.583173991948968e-11,3.432415602885975e-09,0.000540565137645032,4.6671890470310215e-05,3.7290443737056975e-10,2.722291975947577e-06,0.00074452546,4.264221e-11,4.8035482e-09,0.0011173732,9.59315e-05,5.1591476e-10,1.2971511e-05,-149.83795,44.276035,-5.4925637,6.170684,-5.040163,6.7422204,-3.954778,8.827715,177.32677,32.965508,69.10178,11.198188,24.553743,12.916631,12.056085,8.149241,0.1607838,7.150522,-7.981218,5.9298034,-10.225778,6.831357,-7.75335,6.8333573,-5.7291193,6.646306,0.0007957328407946522,1.2197633620495256e-10,4.807702974616276e-09,0.0006609940213255785,9.746557314543571e-05,7.024870347939655e-10,2.418834325489204e-05,554.8,587.1,5.97090176784456e-06,2.6666666666666665,0.60219824,0.65380406,-0.07946214615216515,0.1691940053727839,0.0,0.2088692888805411,0.16497535297601562,0.2850772809977223,0.0,0.18347208087245115,0.5060320683478573,0.0,0.2827909852219973,0.4588853859891847,0.3027540428649443,0.0,0.18973317976551338,0.8169378,0.5760128,-34.60535,11.859812,-79.96524,0.46152645,-78.165245,3.6472015,-41.37836,15.396399,-65.938354,14.181346,-79.60926,1.4677881,2.4016383,0.7451749,-52.84999,11.00254,0.6494112335522481,99.38401442307692,0.0015738432,1.9592457e-10,9.903839e-09,0.0015294072,0.0002151008,1.31932e-09,349.8608028396695,7.987441827711189,0.5883052877615769,178.5764308165892,2.6765005e-05,-0.01056689342403628,0.35040867,0.03243480009191176,0.009597493247494728
Ludovico Einaudi - Experience (solo piano performance),1,0,emotional,0.0010000000046737581,0.43823925,0.048951324,0.09303564,0.33900073,0.11619865,0.34223118,91.51611328125,0.07311646,0.48846078,0.0004398321587966012,4.075036652898324e-11,1.3209097839558314e-08,0.0005679202043878657,5.501058324894808e-05,3.3046111027096053e-10,2.2551591544434555e-06,0.00066003855,4.1498624e-11,2.0232887e-08,0.0010963911,0.000100555575,4.434783e-10,1.1009255e-05,-138.62471,42.80799,-4.5940604,6.128216,-4.9591393,7.059903,-3.862733,7.9294715,189.16515,29.418476,59.99907,13.233309,22.614851,12.457035,13.4890375,8.515424,-0.5775372,7.047673,-8.026617,6.7320724,-10.83116,6.153364,-8.67882,6.7974033,-5.2407637,6.669691,0.0008066894381383242,1.256241314615726e-10,1.688299559024273e-08,0.0005576161359191566,0.00012229798020142865,7.66649609946249e-10,2.4212423048854484e-05,554.9666666666667,556.6,6.095501037280542e-06,2.8333333333333335,0.6846107,0.725178,-0.20565571967521593,0.2925460833566078,0.0,0.07440653039469838,0.2432696456196513,0.3048392623485858,0.0,0.2165586386807905,0.5233366437460425,0.0,0.4748592825265811,0.5367019852488554,0.4020896362162418,0.0,0.26775404231083827,0.861906,0.506759,-32.07146,10.687416,-79.9605,0.42548826,-77.323906,4.630123,-39.605087,13.629904,-63.872536,14.53304,-79.520164,1.604543,2.635088,0.7215746,-52.185383,11.053438,0.44622663455474726,103.359375,0.001678419,2.4698799e-10,3.375405e-08,0.001185723,0.00026403464,1.5241741e-09,377.7568327160302,9.59035313654645,0.4823364158775372,187.50177528301293,2.8010025e-05,-0.0013605442176870747,0.364536,0.03300509142801858,0.010739949596405701
Ludovico Einaudi - Experience (solo piano performance),2,0,emotional,0.06818521387532282,0.41398996,0.0459173,0.09884432,0.3983983,0.1143774,0.3207953,64.599609375,0.07518329,0.4835297,0.0001714552941791094,3.351612158360382e-11,1.376743373536485e-08,0.0006752723113465504,8.326791368674732e-05,3.091883298927978e-10,1.8490722164739319e-06,0.0002598199,3.3913056e-11,1.7378921e-08,0.0012211946,0.00013326982,4.2525244e-10,8.306803e-06,-144.34547,42.401127,-7.135632,5.726952,-5.8694134,7.2389183,-4.562126,7.1754594,196.79506,26.536642,52.69889,15.473728,14.431092,13.460582,9.690052,6.4721212,-2.913321,6.265552,-12.408736,7.518383,-16.68703,6.712505,-11.190952,6.1615767,-6.276484,6.205557,0.00027745826851808164,8.771109254998952e-11,2.0042605491074114e-08,0.0009064546530039311,0.00015126567074156234,5.85146182912069e-10,1.898258011245012e-05,555.8666666666667,587.5666666666666,4.303813588586727e-06,4.566666666666666,0.7749694,0.85908437,-0.17557867737643984,0.15925779013770433,0.0,0.04269252062124557,0.09811789875801502,0.37337652640753743,0.0,0.1394199634670857,0.3764705524208567,0.0,0.35242170039504184,0.6202083585386704,0.4293426166728469,0.0,0.08850798086843437,0.9173699,0.3968335,-34.73361,9.390797,-79.9529,0.46973866,-76.75117,5.320146,-35.598984,13.269654,-60.5776,15.320299,-79.37969,1.8833874,2.9152894,0.7918327,-50.37142,10.803006,0.5589034758598946,99.38401442307692,0.00057244377,1.665541e-10,3.805301e-08,0.0018250382,0.00029321943,1.1479412e-09,407.6555338026816,12.33243947847579,0.8581492384041243,163.40007931189058,1.8653212e-05,0.0005895691609977325,0.37232652,0.03666190982972136,0.009046430802963058
Max Richter - Written On The Sky (Official Audio),0,0,emotional,0.0010000000000002698,0.581606,0.25225604,0.38339964,0.5059666,0.32850808,0.3832894,102.28271484375,0.37743014,0.46210098,0.0005346694565517325,3.560260056207869e-11,3.1840692786341517e-07,0.0007268854269881902,6.866688743168094e-05,2.1158167125515886e-09,4.8891551563377765e-06,0.0009835685,6.0244795e-11,5.9204984e-07,0.0013417731,0.00012386522,3.8915133e-09,8.10147e-06,-83.37353,38.943844,-0.29607648,8.694599,-5.5267015,8.085008,-5.8384748,8.415042,205.09523,14.915189,19.985538,23.464865,3.5837274,9.719357,15.687058,8.91008,-5.133176,12.01018,-8.523548,8.157508,-10.320131,6.4030356,-14.643513,7.8435507,-6.2392135,9.294968,0.0006582135076143191,5.762382673773943e-11,3.9327499072546606e-07,0.000958345619504293,8.377402765518659e-05,2.9748872673846066e-09,2.220419304246299e-05,554.0333333333333,636.7,6.581762991389014e-06,3.6,0.7214621,0.8546365,-0.056998148115732034,0.2705963005854118,0.0,0.08678231669527081,0.1883860707518218,0.29882229202173416,0.0,0.07240561095070104,0.22205142502010908,0.0,0.35084939278002514,0.14157011060765087,0.27822960960948445,0.0,0.2114023575824871,0.936014,0.3510243,-35.985455,12.053196,-79.979675,0.38150308,-74.69299,9.360845,-35.235806,12.362376,-56.294716,15.235428,-79.62605,2.2468822,2.986227,0.89085925,-49.030167,7.120209,0.4270285175523297,123.046875,0.0013353402,1.0398245e-10,8.023328e-07,0.002009971,0.00016459198,5.757169e-09,387.05696382182293,21.307579853400444,2.8674833586399413,244.79423021903585,1.2792465e-05,-9.070294784580499e-05,0.6164333,0.03838487749129257,0.011668509757350187
Max Richter - Written On The Sky (Official Audio),1,0,emotional,0.0010000000032019606,0.57509553,0.24840985,0.3578912,0.5323077,0.32032323,0.39573932,5857.03125,0.3561105,0.4181899,0.0005630393424935143,4.011524631978612e-11,2.8113343446220094e-07,0.0006370432784199702,7.214349715077854e-05,1.245364142957344e-09,3.7338057677038975e-06,0.0009988006,7.1694935e-11,5.886287e-07,0.0011499843,0.00015626608,2.9891387e-09,6.0738707e-06,-90.7594,38.34469,-1.1609446,9.337333,-3.6111436,7.4349866,-4.708853,7.9343696,205.39789,15.492189,23.195536,22.716642,3.9977286,9.883919,15.686402,8.516935,-1.4661973,11.431801,-6.0709906,7.8788767,-10.13003,7.52577,-13.4534,7.5497785,-6.0515084,9.1649685,0.0007046276014623155,6.199837311831247e-11,3.529809217016673e-07,0.0008087913741018061,9.251350293419131e-05,1.8008010833993048e-09,2.21274548648797e-05,619.4,701.2333333333333,5.241585064495938e-06,3.3,0.7218347,0.8961398,-0.10460060273090943,0.11309208959011707,0.0,0.169979865198682,0.17465193717754157,0.26806661652789054,0.0,0.06834317386796568,0.14766546683839962,0.0,0.3896490069784992,0.19093835553833252,0.34043652583435996,0.0,0.11825803958207214,0.9497165,0.3117152,-35.4475,11.960067,-79.954185,0.72705424,-75.11968,9.056385,-36.167095,12.473641,-56.950912,15.3624935,-79.59402,2.3675127,2.9450226,0.97528315,-49.006832,6.7316055,0.5524111988265946,129.19921875,0.0013825642,1.2367259e-10,8.2136796e-07,0.0016309918,0.00021973735,4.852943e-09,411.0886291958393,13.292825237776855,2.1603996026832575,274.30722688068494,1.0196853e-05,0.0,0.5993059,0.03729418113873839,0.013472933380165914
Max Richter - Written On The Sky (Official Audio),2,0,emotional,0.0010000000000000002,0.59119385,0.26723012,0.362822,0.50663644,0.32869747,0.38650608,5857.03125,0.35922077,0.39377636,0.0005714008865677216,6.279427528933983e-11,4.180328811609074e-07,0.0005035531147297626,0.00010958154451381513,3.871265517881688e-09,3.6367480550793397e-06,0.0011045396,9.837335e-11,7.925207e-07,0.0009032916,0.00019262395,6.772123e-09,5.6088747e-06,-85.42892,35.447853,1.8051746,10.434498,-2.19968,8.554302,-5.379604,8.906466,209.07068,14.115909,14.666315,20.882406,3.816885,8.50849,14.250204,11.052371,-3.1752424,10.433895,-6.019686,7.4001193,-11.171305,7.63423,-11.741282,7.668971,-2.3580587,9.873982,0.0006943892827312609,8.63099538980093e-11,5.246914786441309e-07,0.0006256201726852837,0.0001384066678777007,5.138713418889313e-09,2.4778872633470938e-05,696.1666666666666,829.0,4.908206733630339e-06,3.4,0.7910202,0.9832585,-0.05058294981989833,0.14375765804854493,0.0,0.17245592061039738,0.2137619478611231,0.3082978119341234,0.0,0.054427804328006646,0.13480081948129946,0.0,0.3711728579801594,0.15031031215393725,0.31068249698746275,0.0,0.10240915048948265,0.960227,0.27666816,-34.3568,11.949828,-79.953094,0.6437381,-74.072075,9.942511,-35.76662,12.338354,-54.9044,15.417092,-79.33626,3.08263,3.1158826,0.9886994,-48.316853,6.638765,0.5358768816935955,129.19921875,0.0014826761,1.5921324e-10,1.0590627e-06,0.0012585983,0.00026730855,9.665386e-09,433.6701832177139,11.715874965214827,1.9046695878384465,296.60992935650637,9.239667e-06,0.0,0.62138164,0.04092265504063467,0.014505419462498467
NARUTO - Sadness and Sorrow (Grand Piano Cover)  Sheet Music,0,0,emotional,0.0010000000012820552,0.9558262,0.9580191,0.9243517,0.9480308,0.94074994,0.91815555,10416.68701171875,0.9333146,0.7600354,0.000332687698068206,7.566093224458488e-09,3.070688027604112e-06,0.0003704489569309157,0.00020584808753035242,2.1259205842287593e-07,4.085058939176616e-07,0.0006507952,1.5044169e-08,6.179916e-06,0.000756432,0.00042461813,4.0578482e-07,1.4421812e-05,-55.317253,78.64382,-2.6462395,9.704308,-7.260056,10.077478,-8.805352,7.763228,167.23256,29.154766,2.5517237,33.056236,-10.2814,13.741788,-3.9203675,11.953075,-9.815122,12.006189,-8.515537,8.262491,-5.602858,8.172809,-8.115064,8.488037,-4.5623016,9.637253,0.0003385004556080357,7.738366887552155e-09,3.1406354900193986e-06,0.00037842354094760975,0.0002101274722932513,2.173962972902584e-07,0.00046025701652817433,986.2333333333333,1326.1,4.293158634823376e-07,1.4666666666666666,0.6441932,1.1017547,-0.026692897516111036,0.187361073365308,0.0,0.31302153798837645,0.37859142690667624,0.440219496885312,0.0,0.11788075647030911,0.5561228936404307,0.0,0.362252507051119,0.7343704990943156,0.34738221599832164,0.0,0.2908031843192244,0.7432781,0.6687158,-45.293232,13.175394,-79.793724,1.7380425,-73.84205,10.089409,-46.62191,13.673226,-57.958725,15.998251,-78.693115,4.599013,2.6849594,1.3221556,-65.799126,11.65342,0.31965352479330844,112.34714673913044,0.0006666913,1.5546425e-08,6.4150795e-06,0.0007810115,0.00044249895,4.211797e-07,684.8972502823522,20.121832089099964,2.6580365575999556,417.6546689300635,1.4877517e-05,0.0,0.95604414,0.05750985632739938,0.01780637823486515
NARUTO - Sadness and Sorrow (Grand Piano Cover)  Sheet Music,1,0,emotional,0.0010000000000005569,0.94616544,0.9120199,0.9316459,0.9382135,0.9238913,0.919807,10244.42138671875,0.9470527,0.8685815,0.0001302548083036145,9.169810986673695e-10,5.217291054001298e-06,0.0003644123474270328,0.0002300289091860746,4.25227765123854e-08,6.343576615716298e-07,0.0002530684,2.155182e-09,9.9966455e-06,0.00077716156,0.0004564858,1.06974504e-07,8.267088e-06,-60.174778,50.51622,-4.610932,11.175348,-8.756839,9.533607,-6.873752,11.478508,169.07086,23.774403,-6.3425694,27.73883,-24.858006,11.104055,2.1564608,14.880516,-3.457168,13.614779,-12.014322,11.507327,-11.732543,9.587216,-10.267503,11.749789,-5.9188075,12.809893,0.00013277038403909132,9.405307664235644e-10,5.339972620203841e-06,0.00037220348013593707,0.00023541970554448569,4.3499988969087254e-08,0.00013172936843223955,1482.5666666666666,1768.7,6.536976645549044e-07,2.0,0.7624495,1.2580138,-0.04348634112879762,0.34610199717326623,0.0,0.15499610620667928,0.39261807781846725,0.2883779170212154,0.0,0.35292891622375333,0.7704182034208609,0.0,0.2597578966053707,0.6547064065042069,0.19547958301752555,0.0,0.858053093532546,0.8363084,0.547007,-50.26203,11.211317,-79.94881,0.8136368,-75.235596,8.593293,-47.4808,13.323503,-57.100132,15.16937,-79.48013,2.7909937,2.8634915,1.3009202,-65.73047,9.932699,0.544274703887073,129.19921875,0.0002599598,2.2261686e-09,1.04347455e-05,0.0008013718,0.0004766945,1.10637e-07,864.7547735891147,4.098121039947401,0.8503536712715393,485.08083146586773,8.526621e-06,0.0,0.95687926,0.07167265806404799,0.032498398203954254
NARUTO - Sadness and Sorrow (Grand Piano Cover)  Sheet Music,2,0,emotional,0.004244060087526181,0.94222206,0.8386701,0.9132195,0.9332297,0.8700171,0.91220814,10195.9716796875,0.8591261,0.86873627,0.00011880172951525726,1.821667440409688e-10,5.107427968530033e-07,0.0004332245670212058,0.00023111423089793858,4.869977887639513e-09,4.388126075954778e-07,0.0002689186,2.9445044e-10,1.1194018e-06,0.0009671081,0.00043232238,9.195743e-09,1.1470169e-06,-97.16533,71.6581,-4.8252783,12.632524,-10.452843,10.631792,-8.371086,10.211548,156.31737,41.72575,3.9646163,25.683578,-25.263294,15.986128,-6.443415,16.245695,-4.822895,15.635563,-8.401461,12.058674,-13.2480955,8.720393,-13.775681,9.78606,-6.4855585,15.553499,0.00012203391593741137,1.9124667026206813e-10,5.257501246488663e-07,0.0004450869274275367,0.0002376324493195423,5.0227706336973275e-09,6.778371159026158e-05,989.3,1486.9333333333334,4.5762837903491374e-07,1.9666666666666666,0.67648107,0.92959064,0.011455600678849376,0.5058385969601472,0.0,0.1927678899861775,0.44794276177733555,0.34773445952492976,0.0,0.5126277487614304,0.8232274498521425,0.0,0.21747191960805173,0.6300228203187381,0.22282862090206648,0.0,0.9544013460086647,0.744522,0.6672544,-52.796253,12.544503,-79.9604,0.66658485,-76.54376,7.555934,-49.400158,15.505638,-59.335316,16.317133,-79.66248,2.1490805,2.675501,1.0384151,-68.251236,9.284012,0.2294620442372355,117.45383522727273,0.00027877552,3.1270814e-10,1.1658416e-06,0.0010028367,0.00046088174,9.5829265e-09,641.3496138188125,5.787175633906811,1.5500670695725414,377.61847103372077,1.2137742e-06,0.0,0.9421488,0.07114091524767802,0.027441522536226278
Peder B. Helland - You & Me (Piano Version),0,0,emotional,0.0010000000037081037,0.37689593,0.008219472,0.10090305,0.18817906,0.0624419,0.16869348,86.1328125,0.03239666,0.16390917,0.0007194592878214711,1.2003146639419683e-12,3.1368054091616906e-09,0.00024158547215556077,7.214434663355821e-05,3.4599561531304387e-12,1.112016844272487e-07,0.0012736302,5.2416594e-14,3.228343e-09,0.00046810167,0.00011741901,1.9651834e-12,1.3474961e-07,-174.18974,29.82893,-7.408764,13.928405,-3.5458417,11.263789,-1.2688714,10.326908,189.5343,23.677551,90.199615,13.597714,15.247353,19.851236,-10.761342,11.02266,-11.808475,7.399232,-9.730235,9.832963,-8.144704,12.38089,-7.2965083,9.382944,-8.066659,9.365533,0.0011903740515408607,2.174703122553552e-12,3.4131477903701673e-09,0.0003723954394654063,0.00012094483462605865,6.3561715806271325e-12,9.012296149982185e-07,660.1666666666666,702.1333333333333,2.3309023405993235e-07,1.7333333333333334,0.5373017,0.62391824,0.18138899831342695,0.45337019539753837,0.0,0.35073518933592684,0.19539137221146557,0.2792388380991736,0.0,0.3253956077595482,0.23248492599011827,0.0,0.12400409484047391,0.08861485977138624,0.11036776017539988,0.0,0.20865189420894495,0.89574033,0.4438148,-35.48817,13.298594,-79.98965,0.28987312,-79.72372,1.9575154,-39.468082,11.747325,-66.076385,16.064987,-79.9838,0.409218,2.1751883,0.60272014,-66.61539,8.476336,0.5041382377604897,117.45383522727273,0.0024065569,4.769321e-13,6.2585612e-09,0.00083968166,0.00022437212,4.5786287e-12,349.1480169892421,2.473642451518954,0.6716379436626743,227.69910343797983,4.204581e-07,-4.5351473922902495e-05,0.29164284,0.032892469282120744,0.014044632564033424
Peder B. Helland - You & Me (Piano Version),1,0,emotional,0.0010000000000000002,0.37620494,0.009023514,0.12880108,0.16571052,0.06971702,0.17512153,5103.369140625,0.03933016,0.2028668,0.0006932390371742439,7.836129338400103e-12,4.011787980001912e-09,0.00025560766921675637,6.961203929118815e-05,1.7508279878490973e-11,1.0823965501977945e-07,0.0012970841,5.1911292e-14,5.974375e-09,0.00045702502,0.0001273652,3.2120773e-12,1.5132909e-07,-169.84863,30.21015,-7.46283,16.13293,-3.985998,12.382471,-2.1243255,9.224634,196.49571,22.482065,87.69762,14.399981,10.155594,20.540394,-12.970369,11.119489,-11.984163,6.683089,-9.530336,9.662404,-7.198879,13.005015,-5.6946445,8.90763,-7.085196,9.84465,0.0011865382293257288,1.241387230784717e-11,4.415445041058437e-09,0.0003459932531950545,0.00011366137706819814,2.859020309169232e-11,3.6101596473251336e-06,661.2333333333333,785.2,2.209916039258428e-07,1.9666666666666666,0.5580326,0.6202263,0.2067031711676111,0.5141659049342631,0.0,0.3857169096270288,0.21307355004180284,0.28596909399347203,0.0,0.40964780143528046,0.11594132160745445,0.0,0.127616394444542,0.060416562401646765,0.12571895799377739,0.0,0.08717052341851309,0.9137322,0.40499246,-34.97158,13.456076,-79.98038,0.49103555,-79.58049,2.45842,-38.551857,11.581939,-64.50481,16.805223,-79.97079,0.63268584,2.255846,0.6487264,-66.13662,8.4611845,0.5227585705642644,117.45383522727273,0.0024820538,4.3517392e-13,8.52581e-09,0.0007335353,0.00023114272,7.410795e-12,353.8101498482375,2.6212946564127444,0.785410770254912,243.129182174838,4.6067169e-07,-9.070294784580499e-05,0.3135265,0.03441022276509288,0.014002741429100204
Peder B. Helland - You & Me (Piano Version),2,0,emotional,0.0010000000000000334,0.40171248,0.009830026,0.0778705,0.21110785,0.05513778,0.1389574,80.74951171875,0.026750864,0.17807224,0.0005948748467868929,3.3804488308517458e-12,2.680777828419953e-10,0.0003911265398615745,8.019637450208833e-05,7.426445138426999e-12,1.2501617210205437e-07,0.001027537,3.7440235e-14,3.3083092e-10,0.000671972,0.00014378625,3.5199702e-13,1.4097594e-07,-182.32365,28.705406,0.6598367,9.94282,-1.2445269,9.09913,-6.5623617,8.108537,192.76251,23.251564,93.074524,11.328275,17.948372,19.742224,-7.070993,13.459974,-9.075508,9.169499,-12.935069,9.519568,-16.856415,9.820835,-12.876406,7.5458097,-4.2252398,8.667535,0.0009792047681873967,1.1329135189654e-11,3.3926262340892645e-10,0.0006252736641199294,0.00011383953216293182,2.3362803276033414e-11,2.6029137062361156e-06,661.1,699.8,2.384830963812212e-07,1.8666666666666667,0.5426968,0.5846277,-0.10060626644105469,0.430069619624762,0.0,0.16160998436090934,0.14646847752827827,0.17242121087104947,0.0,0.47577121153123797,0.2785539091339823,0.0,0.33219955320406136,0.2943442401722693,0.28381947253086015,0.0,0.0897003799937101,0.91720617,0.39671472,-34.85277,13.163154,-79.98014,0.43565035,-79.80453,1.507554,-36.502106,12.028086,-65.82529,16.06325,-79.97292,0.5777348,2.1883566,0.635983,-64.52323,8.44825,0.46830395319495427,117.45383522727273,0.0018620851,3.5778582e-13,5.5777916e-10,0.001238582,0.00022682342,1.11966e-12,381.38565493436903,1.6649352501260417,0.18136179267809174,216.065770578101,4.146519e-07,-9.070294784580499e-05,0.34092543,0.03425716246613777,0.01533594333243815
Yann Tiersen - Comptine dun autre ete - lapres-midi,0,0,emotional,0.0010000000000008938,0.8038543,0.08879149,0.23052,0.4560782,0.17643498,0.2989918,220.71533203125,0.14875735,0.41511065,0.0005903554688866176,4.395294922676559e-12,7.602084190209518e-08,0.0009347602049675392,2.7346177543737553e-05,1.3592805388958691e-10,1.904287131556796e-07,0.0011302676,2.4774063e-12,1.3633895e-07,0.001670903,5.0802926e-05,2.1705916e-10,3.0717544e-07,-111.98961,35.35503,-14.021799,10.101377,-14.229383,7.106198,-17.600163,8.448149,190.01955,20.483656,40.138447,16.453419,-7.284302,8.902748,4.03946,8.974705,-0.83243585,8.417051,-10.285923,7.1661315,-13.103139,7.5931897,-18.175215,8.575418,-18.831968,9.252381,0.0007468807484993304,3.8893825477472855e-12,9.743299813783192e-08,0.0012333444656874798,3.3939867159530456e-05,1.3563878105577914e-10,3.480548833584129e-06,492.43333333333334,744.1333333333333,2.6947315357124346e-07,3.3333333333333335,0.58614653,0.86441255,0.009450513502927083,0.7161499133738672,0.0,0.2080335732125371,0.524825930009895,0.262072491836116,0.0,0.7640176812826873,0.29208783695387636,0.0,0.2391549299563925,0.6049025827224939,0.29729745314019623,0.0,0.17763633948038945,0.92555714,0.37747452,-39.205025,14.700548,-79.99899,0.04246443,-77.84623,5.79507,-38.468124,14.398559,-61.84515,15.264976,-79.951454,0.618201,2.4304318,0.9162403,-71.281975,9.279421,0.5807652925072632,95.703125,0.0014614552,6.722015e-12,1.9073781e-07,0.0024661424,7.4809825e-05,2.6519467e-10,359.74662980320863,14.108994160263432,2.41081698757908,192.02927899168586,5.110418e-07,9.070294784580499e-05,0.55510575,0.032764730069659444,0.006905239632514358
Yann Tiersen - Comptine dun autre ete - lapres-midi,1,0,emotional,0.00100000000006337,0.7962577,0.07795441,0.2204464,0.44165874,0.16471267,0.2947385,220.71533203125,0.12769188,0.35783112,0.00037847294813002244,4.447784115488471e-12,7.459513567797205e-08,0.0008155253589535337,7.689854396422453e-05,2.3973671235090713e-10,1.1453165182731279e-07,0.0007418794,1.7556499e-12,1.3744142e-07,0.0013519902,0.00012724417,3.8628184e-10,1.8780366e-07,-111.35088,28.092253,-15.405827,9.74433,-10.633034,7.096265,-14.329253,10.295959,210.10565,15.2911215,32.504032,14.824121,-16.342434,10.857871,-3.4485438,8.159676,-10.884731,10.572572,-14.736594,7.479922,-9.359242,8.727697,-13.845215,9.5520935,-19.80891,10.327725,0.0004833440802101962,6.946324569668644e-12,9.161726713207031e-08,0.0010884079237529103,0.00010035057116281304,2.971288980081479e-10,5.5901200757669444e-06,668.9666666666667,986.4333333333333,1.5214762393075414e-07,5.366666666666666,0.7560279,0.92888147,0.02682329590412391,0.6703626640506273,0.0,0.26593972469195765,0.4386283146382358,0.20125448547943575,0.0,0.7646162435045454,0.34602770805319905,0.0,0.14541393118145868,0.553331272908122,0.257082390874759,0.0,0.28341736974044096,0.9553782,0.29452085,-37.04391,14.06479,-79.99445,0.19788161,-76.924034,6.94599,-34.88234,12.967592,-56.719185,16.062267,-79.87706,1.148772,2.8933887,0.9154345,-71.37273,9.046438,0.5031239724600954,95.703125,0.00097189395,4.9761037e-12,1.8689462e-07,0.002120996,0.0001940482,5.344451e-10,445.49675748246557,6.57053235725532,1.384101865849908,241.78331577393854,3.0916004e-07,0.0,0.5209899,0.04416639959849071,0.013002797740108152
Yann Tiersen - Comptine dun autre ete - lapres-midi,2,0,emotional,0.0010000000000153738,0.80353266,0.10294761,0.2035252,0.5341404,0.18585214,0.346688,220.71533203125,0.14824432,0.3443547,0.0007114425923028845,9.473856348362086e-12,1.0203020595589289e-07,0.0007225460358686102,7.244538534662659e-05,1.8558672073951983e-10,1.6914327121409438e-07,0.0013686003,9.833414e-12,1.973121e-07,0.0014177883,0.00014317014,2.9001843e-10,2.6100903e-07,-117.269196,37.272278,-13.346284,10.390906,-15.054727,7.685339,-19.886047,9.493437,211.20024,17.819815,27.736132,20.713993,-18.904623,9.441324,5.085026,8.995197,2.6541197,9.936351,-10.411011,8.245507,-12.909568,9.29601,-13.256404,9.858962,-13.95831,8.75164,0.0008487807351592028,1.5014272847301822e-11,1.3392482796258173e-07,0.0008587661490104406,7.758796103279527e-05,1.9459616900901814e-10,9.156112906650626e-06,783.4333333333333,989.7333333333333,2.15734495551349e-07,3.3,0.63986254,1.0094923,0.13702182710803829,0.6047551949870137,0.0,0.35767865092360157,0.44196042683432885,0.36662181282155176,0.0,0.6623810263178116,0.4334114568851475,0.0,0.19461447293327677,0.7184975544049033,0.1916115656398257,0.0,0.251256381892471,0.9390458,0.3423304,-35.224636,14.83629,-79.98718,0.31669545,-76.808754,6.91949,-36.379314,14.12905,-56.646378,16.042913,-79.88078,1.0763079,2.7157137,1.0410478,-69.68215,9.25167,0.568895164800858,95.703125,0.0016708348,1.7302182e-11,2.7461869e-07,0.0017589169,0.00016518123,3.5882872e-10,422.6637722944666,5.671040579397433,1.613722401215099,299.7116794739285,3.9600408e-07,9.070294784580499e-05,0.64225537,0.03917776763254644,0.012776878856347693
Yiruma - When The Love Falls,0,0,emotional,0.0010000000000006668,0.615709,0.045191273,0.23704824,0.39338633,0.17499737,0.36165997,107.666015625,0.21851984,0.6929868,0.0002964057623336599,9.054236858014535e-11,4.0563423064224945e-07,0.0005494181336522611,0.00011701096521878063,9.407231212575745e-09,4.264764620970931e-06,0.000538077,1.4545444e-10,7.442448e-07,0.00088389736,0.00022144576,1.7137822e-08,8.983491e-06,-95.14885,51.6061,5.9893184,11.477675,3.9809449,11.635005,0.28851518,12.712016,186.33746,22.730707,22.211992,23.194231,-4.421914,10.381823,5.8990316,10.85396,1.8657621,9.257747,-5.2467813,9.370064,-8.194605,8.198892,-4.921229,9.43286,0.48176295,11.2613945,0.00039151759006388477,1.320984766732574e-10,3.9750859656233195e-07,0.00075200264881537,0.00016035307115801076,1.6701027019348678e-08,5.065170286859565e-05,788.7333333333333,796.6333333333333,9.006340082163273e-06,2.3,0.7747888,1.2408965,0.05662620380713368,0.46508029355391095,0.0,0.31055835549034316,0.3384090627173022,0.29881070014905,0.0,0.5040009740788289,0.11874424171198333,0.0,0.2969027194794089,0.2531542825146202,0.2767528868993103,0.0,0.07386823904954748,0.8622171,0.5063755,-41.0954,11.291486,-79.97301,0.48604536,-75.82616,7.7126646,-44.98297,13.768822,-59.02951,14.990005,-79.283936,3.1419823,2.9861984,1.2028092,-47.742702,6.75148,0.42417375942289764,143.5546875,0.0007407295,2.5660435e-10,8.0580776e-07,0.0013604221,0.00034818496,3.471518e-08,540.080451324601,14.318602624116098,1.5921229857147872,276.9611000688053,1.9474759e-05,0.007891156462585034,0.38878277,0.04998420266544118,0.014510692989034988
Yiruma - When The Love Falls,1,0,emotional,0.0010000000025598785,0.6439673,0.06657835,0.23566474,0.36244985,0.17654389,0.3337587,96.8994140625,0.19750689,0.6971563,0.00026572225762622117,1.0899058575374982e-10,5.879395255643044e-07,0.0007041954510595671,8.776430997737215e-05,1.2416704655547918e-08,3.102127215629502e-06,0.00050993985,1.9123954e-10,9.901051e-07,0.0010199,0.0001880405,2.1227478e-08,6.9449547e-06,-66.27162,42.99639,2.7131412,10.275086,2.3970683,9.898307,0.28705987,10.4198475,177.11215,17.825996,13.413594,19.323328,-3.6301386,9.604249,8.709238,10.518563,-0.32380918,8.428665,-8.510752,8.099754,-9.9766245,6.7141986,-6.220617,8.96087,-2.1806931,11.288737,0.00033647912699175613,1.3649018722539531e-10,5.762644534363655e-07,0.0010283602951941554,0.00012430133021492607,2.2369715137549713e-08,4.201553107185192e-05,744.3333333333334,791.3,6.557978909961554e-06,2.7,0.7535962,1.1905777,-0.04197549531780553,0.3565118632710451,0.0,0.27869090662528745,0.3095761530117695,0.2519923609841431,0.0,0.39664011174676245,0.11613990755706127,0.0,0.3836654912451644,0.24294503539590975,0.3265633132028584,0.0,0.11730013408460986,0.89508474,0.4455657,-44.1752,11.452077,-79.98614,0.35473225,-75.51172,7.832532,-45.99289,13.721084,-59.969276,14.265249,-79.30488,3.0570817,2.9702382,1.1028765,-52.537346,7.219448,0.4925690834463548,143.5546875,0.00068038766,2.7861896e-10,1.1870817e-06,0.0017092584,0.00029976564,4.5642107e-08,520.3519433923884,20.64574845366817,2.406535330982103,272.9588076304144,1.4812951e-05,0.007891156462585034,0.41870296,0.04888141265963622,0.010999712116544403
Yiruma - When The Love Falls,2,0,emotional,0.0010000000000000388,0.6856286,0.022129865,0.16747342,0.3631682,0.13216724,0.38617465,96.8994140625,0.087744,0.72983634,0.00022810161268196303,4.406968604248541e-11,9.799009284567934e-08,0.0005473892912723298,0.00012266913141006713,1.5075983713361502e-09,5.374154907262956e-06,0.00043716576,2.746159e-11,1.7162148e-07,0.00081757194,0.0002408946,2.487242e-09,1.2265232e-05,-90.49146,39.015064,-1.746534,12.431253,3.1673198,11.683759,5.180074,11.622679,178.77376,23.286915,27.235083,17.41417,-11.010384,9.96599,3.2668207,10.051915,3.2521203,10.668865,-1.3222427,11.328603,-4.413446,10.980856,-6.3426948,10.006626,-5.51763,11.256974,0.00029883183775174124,1.4095008291778499e-10,1.2258537599223816e-07,0.0009157435562831251,0.00014745556462301054,3.3908790193921355e-09,5.8826370523256535e-05,789.2666666666667,1055.4333333333334,1.3543105109950785e-05,2.2666666666666666,0.7746456,1.1964384,0.03073087527826579,0.3036974622494309,0.0,0.23477997330923414,0.2594865580143208,0.37138295548284994,0.0,0.3667302248895873,0.20607371847091074,0.0,0.20474792520014115,0.4042166280743274,0.32687147706318403,0.0,0.17379833908011666,0.8786745,0.47652975,-44.20386,11.165783,-79.977806,0.5427613,-77.33436,5.7358003,-46.53791,13.306331,-60.970875,14.401412,-79.749245,1.6511393,2.8483553,1.0344573,-48.20449,6.6964083,0.4618847131407574,143.5546875,0.0006362297,1.9898982e-10,2.4615892e-07,0.0015681153,0.00032482605,6.3782335e-09,547.1302539292935,6.413305009345327,0.9840089158124328,265.89331238591257,3.1496493e-05,0.0008616780045351474,-0.37343884,0.05258433811435759,0.015037112195937742
"Yiruma, (이루마) - River Flows in You",0,0,emotional,0.001000000001746614,0.47296354,0.22768515,0.14826421,0.32405484,0.2151418,0.25437844,9722.2412109375,0.18886638,0.018137995,0.00018938152587087034,2.0627450416953081e-10,7.55799947131965e-07,0.0003480189846867411,0.00015749251482350996,1.2006616413683906e-08,2.9836043232618753e-06,0.00034587743,3.8178277e-10,1.2521131e-06,0.00064924354,0.00027246983,2.1108894e-08,2.0302098e-06,-75.48299,64.9542,-7.907455,8.931907,-8.008024,12.922549,-3.3611052,11.508732,194.2378,26.834703,6.9105787,34.279358,-3.32679,16.491201,6.3501673,12.808713,-13.143957,11.571222,-9.35753,10.970072,2.1540382,11.349654,-1.909934,11.168471,-7.555182,9.484961,0.0002769063711839926,3.669777886752077e-10,9.513946308164814e-07,0.0004102775923839306,0.00022596314003865787,1.979113418163566e-08,0.00010216868584080783,883.2666666666667,992.4333333333333,6.325813373914201e-06,3.566666666666667,0.83407396,1.1175921,0.04252016020008295,0.13017086992682714,0.0,0.22442949597181255,0.31683311120852425,0.3526068178406412,0.0,0.03296567758124457,0.4164623158491454,0.0,0.11048897808271452,0.22784232229310478,0.28920265594272787,0.0,0.46317475246231443,0.8671633,0.49764785,-40.178642,11.872534,-79.916985,0.8951127,-71.6847,10.344861,-40.1047,12.272131,-54.124546,15.099806,-78.93292,3.6407976,3.398896,1.1305603,-46.493652,6.3040805,0.5979297154427022,143.5546875,0.00057302567,7.680102e-10,1.9387473e-06,0.00079960295,0.00046152074,3.9110862e-08,662.6479792121831,10.92214638752084,1.1497253863474899,310.660138599311,1.4393023e-05,0.021541950113378686,0.32573208,0.056509862374226005,0.016971082504746868
"Yiruma, (이루마) - River Flows in You",1,0,emotional,0.0010000000000000202,0.46919006,0.24867079,0.14804217,0.3244672,0.2256331,0.24996965,91.51611328125,0.19866434,0.0150375,0.0002789526751460891,2.4395224281588935e-10,7.497953406361003e-07,0.000317459567556287,0.00015159698589873889,1.7770701255644878e-08,2.756578104321938e-06,0.00042444197,4.3778633e-10,1.2074236e-06,0.0005623178,0.00025948655,2.969192e-08,1.7582544e-06,-47.570736,43.821705,-9.364779,9.933399,-12.305856,11.808071,-6.9523964,8.486319,217.80022,15.244374,-18.126768,22.044632,-4.8784766,15.683845,10.091361,12.515061,-11.204541,10.686701,-3.8703187,12.230662,7.455941,11.765257,1.8283498,10.852628,-5.9736466,9.531267,0.0003808595209622309,4.147218822917038e-10,9.456783964564105e-07,0.00039197618914099376,0.00022290728210207813,3.03229862270251e-08,0.00011325934088869921,884.4666666666667,999.0666666666666,6.245295203122126e-06,4.4,0.9121738,1.0546358,0.02269007932360989,0.20022888922631454,0.0,0.1874569929837621,0.29438981864316466,0.2803821997291974,0.0,0.14512609995408626,0.3405292590816856,0.0,0.09468591612232874,0.19665021884352143,0.2716362532356582,0.0,0.38820144054654687,0.93756163,0.34734076,-33.2007,10.3938675,-79.83003,1.2818605,-66.816,11.196903,-35.24517,10.923182,-46.90736,12.941685,-77.87447,5.0174255,3.8914268,0.99468493,-44.20971,6.342676,0.4933449790962408,143.5546875,0.0007315946,8.2736207e-10,1.8808383e-06,0.0007733974,0.00044598148,5.5273386e-08,676.7283033252937,8.796445903150937,0.8166865539104817,333.76059915913083,1.3776733e-05,0.003401360544217687,0.31001863,0.06504987120259288,0.01344552120124375
"Yiruma, (이루마) - River Flows in You",2,0,emotional,0.0010000000000019412,0.49781173,0.20690905,0.16450717,0.3127732,0.21441954,0.22865017,91.51611328125,0.24008335,0.01629615,0.00035760474555981086,2.5044770286082637e-10,9.635495690295217e-07,0.0004123852788869326,0.00011525461932681438,1.9491401871469647e-08,2.5278652466184928e-06,0.00064106303,3.6156286e-10,1.4905668e-06,0.0007217535,0.00018291993,3.3763563e-08,1.6842878e-06,-43.19064,46.182358,-8.805153,8.379122,-11.42446,9.952975,-7.8548536,7.0925055,221.29622,13.069064,-19.915407,24.26483,-1.3366419,17.524698,10.90263,12.610946,-10.535399,10.674744,-4.583053,12.334532,4.713793,12.315168,1.2409817,9.571267,-5.550261,9.66192,0.0004976753973782638,4.0139826693521335e-10,1.2404944496095057e-06,0.0005423882812062379,0.00017827150222525303,2.780186477543754e-08,0.00012511768370174485,883.6,995.9333333333333,6.024775958553844e-06,4.133333333333334,0.8707247,0.96236527,0.036667178818161145,0.2352301916519736,0.0,0.16286255854303897,0.35264883599821284,0.2772640790925701,0.0,0.14280127154180508,0.3664467170040245,0.0,0.04978483259625411,0.2717687726172461,0.2519062321047106,0.0,0.3667958183305086,0.93464863,0.3547514,-31.75292,10.094172,-79.80816,1.3474323,-65.92797,11.626074,-33.629,11.244289,-46.139038,12.725351,-77.45366,5.5001097,3.874155,0.9447439,-43.949905,6.3211617,0.5298687213434463,143.5546875,0.0010148035,7.4209994e-10,2.525033e-06,0.0011094537,0.00035387132,5.5638367e-08,604.3954396696749,8.452913343247737,1.1779298306749544,356.99456293756833,1.3894576e-05,0.0010430839002267573,0.2924721,0.06021959050890093,0.015161054358736275
Chilly Gonzales - White Keys (from SOLO PIANO II),0,1,happy,0.0010000000000000052,0.7809499,0.4017048,0.21164404,0.6247026,0.32528704,0.3613028,9663.02490234375,0.13421364,0.58815855,7.782769708134698e-05,5.485052766263304e-12,9.019008500838944e-08,0.0006569756302996559,0.00012835046424876015,1.4328628327052602e-10,4.201276427169548e-06,0.00014680368,8.5927385e-12,1.5273974e-07,0.0011849042,0.00025190946,2.1144687e-10,8.702402e-06,-118.37331,36.224083,-9.828623,9.081873,-4.894534,9.678575,2.7500305,10.18917,198.90457,22.487328,46.98195,17.795502,-15.00252,8.509905,-9.787982,7.784483,-10.248871,7.069623,-18.606005,6.515584,-19.204237,7.474838,-16.103975,8.11144,-13.197036,8.287748,8.646440950888907e-05,6.381265751579568e-12,5.8439916340753744e-08,0.000934699759268102,0.00016887304106724508,1.2680413982117844e-10,4.282277113020915e-06,597.8333333333334,702.5333333333333,6.10524546827476e-06,4.466666666666667,0.85217947,1.1083921,0.09610704090227185,0.7078168703994127,0.0,0.4561316815848884,0.6530196847681236,0.33531916427124747,0.0,0.6667517694948403,0.09451112740825138,0.0,0.25833278827996026,0.21789700393417957,0.4339842243540786,0.0,0.09422306029227229,0.9211523,0.38823003,-45.02968,9.059383,-79.99164,0.21154633,-78.28867,4.9146976,-38.22849,13.035522,-59.935272,16.363663,-79.9493,0.6562179,2.889027,0.90799344,-49.903152,7.0348473,0.5748410385686165,135.99917763157896,0.00016545209,1.3044203e-11,1.1932555e-07,0.0018375587,0.00034305613,2.4486474e-10,499.26477685292554,13.580355764560412,1.7449278576985194,170.70858726295455,1.2849632e-05,-9.070294784580499e-05,0.5870013,0.045558681428986066,0.007387930390514476
Chilly Gonzales - White Keys (from SOLO PIANO II),1,1,happy,0.0010000000002849065,0.7878479,0.21171378,0.2570849,0.5696399,0.24716175,0.35215196,9377.7099609375,0.1512253,0.44160643,0.0005374745378435566,8.71165049778262e-12,1.020993112530657e-07,0.0008790415928982793,4.0837072340742556e-05,1.6689886493767204e-10,2.0241536071350382e-06,0.0010346462,1.422849e-11,1.8379791e-07,0.0016681042,7.746652e-05,3.0747394e-10,4.2643737e-06,-108.23193,40.074272,-10.073712,5.9958944,-14.022337,6.637383,-14.175345,6.754886,221.75844,21.438585,36.388012,22.35943,-16.746626,10.228776,9.103629,6.9633417,11.380598,9.267261,-7.43719,8.098841,-19.255186,7.4776926,-17.431461,6.840976,-10.292654,6.2722883,0.0006725858461314329,1.307686406844596e-11,1.0782779313716216e-07,0.001180089838434193,5.2508573977314645e-05,1.6282374107131038e-10,7.510113428448336e-06,522.8666666666667,747.2666666666667,2.8849488650918724e-06,4.466666666666667,0.74301857,0.88289726,0.05567747553949809,0.5614971902819619,0.0,0.2894747309468717,0.5411229981752219,0.27910869865634763,0.0,0.47027269419099904,0.21840335899563043,0.0,0.14961937214579385,0.5619929337049354,0.30327409930587873,0.0,0.11620020594055067,0.92431414,0.38066933,-34.027245,11.863686,-79.991936,0.22921571,-76.99195,6.6049905,-31.485044,13.0486355,-55.00983,15.226423,-79.921364,0.8682684,2.9262927,0.79188186,-51.010212,7.166725,0.5144647883507663,143.5546875,0.0013156862,2.4157079e-11,2.2003005e-07,0.0023945204,0.00011043485,3.3174896e-10,368.165087445026,16.242207689043806,2.7072585639660365,203.3417482300989,6.2213403e-06,4.5351473922902495e-05,0.5415095,0.034368650832043345,0.006267884909324486
Chilly Gonzales - White Keys (from SOLO PIANO II),2,1,happy,0.0010000000043441839,0.8069643,0.12827283,0.23822284,0.4912126,0.18863328,0.31220824,107.666015625,0.09544502,0.48716128,0.0007538299205245365,7.041885668584273e-12,7.09211808222127e-08,0.0008260595736548384,3.4524055480018275e-05,1.531351016789011e-10,1.1742119261204218e-06,0.0014329221,6.240983e-12,1.202418e-07,0.0014760313,6.2973435e-05,4.7828946e-10,2.4147075e-06,-77.46187,27.403017,-11.58751,7.3694954,-13.181272,7.102065,-11.946007,5.2826405,241.44878,14.728898,18.051798,15.656693,-27.153425,6.493246,8.800329,7.7089214,6.880208,9.060284,-5.7363276,5.9188395,-8.905383,5.763369,-9.062899,5.9218616,-8.15029,5.8685913,0.0009305364691663885,1.2998771981210454e-11,7.374946215510526e-08,0.0011523795883551836,3.306538180235136e-05,1.8255540546464657e-10,1.0576061127639126e-05,442.59999999999997,768.8333333333334,1.634320844361185e-06,3.7333333333333334,0.7209866,0.6945719,-0.05518943506824486,0.47093307309065785,0.0,0.1545501533980404,0.38771225518637387,0.16175710869074378,0.0,0.3893229113146457,0.35067818821855234,0.0,0.1317175071705096,0.4735970213234155,0.2806725576272767,0.0,0.29455978281360584,0.94118047,0.3373189,-30.055653,11.189083,-79.97886,0.50340945,-75.34997,7.9304357,-30.76253,11.807659,-49.986908,13.838279,-79.878555,1.0781277,2.9982455,0.6755789,-54.244377,7.4355845,0.5402264823506393,143.5546875,0.0018019961,1.967056e-11,1.5534529e-07,0.0022566759,6.915706e-05,5.437898e-10,331.5021205425395,15.959174664514371,2.8903493833575715,203.57224270287162,3.5383496e-06,0.0,0.5625824,0.03566871855650155,0.0095296773015368
Dill Pickles,0,1,happy,0.0010000000003781953,0.7919204,0.8623632,0.93250203,0.8283567,0.8961903,0.8762131,7741.1865234375,0.98915464,0.51680636,0.000525158602573106,7.254335598491449e-08,2.9113708535662434e-05,0.0005147042963795597,0.00012969302367425926,2.7415388325394975e-06,1.0924267742525334e-06,0.0010030655,1.3727131e-07,5.5987002e-05,0.0009855917,0.00024739356,5.353348e-06,2.5753366e-06,82.38108,44.571365,-0.27684638,7.7840495,-7.973855,8.785237,-9.965122,7.1098084,149.36348,18.335592,-72.64127,7.295933,51.035313,7.265809,-18.757627,9.07259,4.8810024,7.12377,-13.248005,9.433443,-0.9795519,6.9865265,-8.807499,8.573044,-9.369021,7.3007736,0.0005454155616966453,7.605624014771789e-08,3.054089854345418e-05,0.000538143986289905,0.00013586585706608527,2.863154356817232e-06,0.004843280966871405,1785.7,2865.7666666666664,1.398056590085262e-06,5.266666666666667,1.2353846,1.4922081,0.0823433712325568,0.42318819671197705,0.0,0.49748254604842146,0.4439175596072759,0.38241097383000255,0.0,0.2600018254622529,0.47327215956020235,0.0,0.22631486787262517,0.7190797746442614,0.3086312276006735,0.0,0.40738146380131646,0.95397174,0.29885668,-29.256613,10.441399,-75.17338,8.127075,-43.820538,11.117036,-29.453253,10.976302,-37.177917,11.080819,-55.846096,11.783934,5.805173,1.1817036,-49.663597,8.016245,0.5441220057968309,123.046875,0.0010947504,1.4444657e-07,5.9365215e-05,0.0010576568,0.0002654662,5.5992136e-06,906.6936191667614,7.164996769028518,1.8966835890741447,924.0877180352534,3.439735e-06,0.0,0.91722137,0.10494229815692724,0.01902353487838164
Dill Pickles,1,1,happy,0.001000000000003297,0.7759853,0.9200071,0.9309568,0.8252434,0.915819,0.86722445,7014.44091796875,0.96223205,0.46800816,0.000455091842420166,4.835731223095086e-08,2.8162703009664546e-05,0.00046860011123975044,0.00013792284811454107,2.3771714937733764e-06,9.702521653718033e-07,0.00087706075,9.934414e-08,5.563756e-05,0.00091647124,0.00027112506,4.695611e-06,2.3299199e-06,83.32157,42.208828,1.564125,7.8391457,-7.068269,8.706488,-8.818235,7.298669,151.57039,18.041252,-73.66383,6.6670527,49.471615,7.7577143,-17.896173,9.495844,4.0449233,6.886361,-13.49404,9.412684,-1.6349674,6.4711103,-8.375923,8.422982,-9.308053,7.676176,0.00047535927261803417,5.074514817028906e-08,2.9556144859549235e-05,0.0004893947185309607,0.0001446831821294065,2.489897836516573e-06,0.004338861043664516,1778.5666666666666,2786.5,1.213897455863334e-06,5.5,1.2369683,1.5227612,0.07129004133403377,0.27700589076546145,0.0,0.4860459690114909,0.43282094852859115,0.4018288944064866,0.0,0.07851323939893137,0.43945754645329216,0.0,0.23442580056808726,0.7207929975907537,0.314513399791269,0.0,0.36980742588480914,0.96458167,0.2610856,-28.857239,10.107839,-75.16996,7.975835,-43.58423,11.179743,-29.39198,10.992501,-36.598293,11.033773,-55.825256,11.785947,5.8345246,1.1925949,-49.20185,7.9966016,0.4890672627604788,123.046875,0.00096071936,1.0439542e-07,5.9025424e-05,0.0009851652,0.00029162428,4.9291384e-06,917.284843168846,6.862567883255777,1.8259978259834089,891.629721853419,3.2018186e-06,0.0,0.91607046,0.10346838416698917,0.018669435746784042
Dill Pickles,2,1,happy,0.0010000000000003055,0.7616998,0.8827581,0.9331807,0.8288074,0.8985853,0.8789657,10163.671875,0.95283693,0.46358114,0.0004409219078690765,9.272908451051415e-08,2.8726361208303135e-05,0.0004538690612420524,0.0001464384725511814,2.985814254181015e-06,6.588214657466873e-06,0.0008297603,1.7912035e-07,5.6176406e-05,0.0008802505,0.00028579167,5.831653e-06,7.306062e-05,84.78048,41.897152,-0.7031726,8.101438,-5.5513864,8.687841,-6.2496715,7.5282416,153.57323,19.15693,-70.63694,8.041664,49.567375,9.897117,-18.44511,8.9446125,4.1980796,6.414439,-12.291726,9.344059,-0.4030877,7.717407,-5.9625225,8.64768,-7.647624,8.849701,0.00046179776027508275,9.85239611068461e-08,3.0137434142526046e-05,0.0004732707806892949,0.00015288147908475153,3.1252566123641633e-06,0.005649693290384187,1838.8333333333333,2824.7666666666664,7.297990633305451e-06,4.533333333333333,1.2473181,1.564895,0.05344193407953596,0.439360481439376,0.0,0.39023804910549237,0.39387930381697417,0.3946351560994908,0.0,0.39085954515427285,0.5288252237729638,0.0,0.17004429702751814,0.7182882798963801,0.33582398775220135,0.0,0.4814713324943355,0.96123075,0.27512196,-28.48361,9.911998,-74.989296,8.262695,-43.496906,11.038889,-28.927605,10.354271,-35.90247,10.4474125,-56.205242,12.330531,5.854223,1.3648783,-46.465847,10.35868,0.5056423636091504,123.046875,0.00092414033,1.9098957e-07,5.954591e-05,0.0009418846,0.00030517852,6.117329e-06,929.0727490345096,7.4720191538975715,1.917868198888758,920.7389767815943,8.576004e-05,0.0,0.9187753,0.10579641241776316,0.018841246450878396
Echo of Spring,0,1,happy,0.0010000000000190403,0.8955716,0.33444723,0.2017184,0.7355109,0.31350368,0.3029025,96.8994140625,0.25623477,0.86437356,0.00033288217451206664,2.702800451303521e-10,5.079820131584358e-07,0.0006674990030679096,0.00012113801811060482,1.007453301202039e-08,2.610790973879447e-07,0.0007222175,4.2739987e-10,6.693903e-07,0.0013373402,0.00021255582,1.3035756e-08,9.1598406e-07,-86.7009,56.589672,-5.979019,9.367051,-6.208921,8.611134,-7.0791817,8.815916,208.0892,15.279004,22.556614,35.36243,-9.617734,10.09257,3.9588785,10.073454,-5.1674924,9.955843,-11.38057,8.033481,-12.542086,7.4041376,-14.845954,7.1688905,-10.801774,8.620386,0.00039743148012074726,1.96202528462733e-10,4.2313165700100027e-07,0.0007813575147168774,0.0001407360931117031,6.473708024769425e-09,5.744031318316641e-05,742.5,1169.6333333333332,3.2070858336602667e-07,4.9,0.7263069,0.71726656,-0.03256871082811391,0.36238417488537294,0.0,0.32667552960060203,0.4378818278646232,0.3368355978908575,0.0,0.3491349966263277,0.6334633195569529,0.0,0.19334302795589176,0.7433810973918584,0.36853537822809684,0.0,0.5734877716265375,0.875627,0.4823639,-37.484104,10.692871,-79.928696,0.9027334,-74.70806,9.322978,-35.105103,12.320788,-54.945446,15.52499,-79.41521,2.955302,3.049054,0.89079565,-57.818584,6.774756,0.7021614152058477,129.19921875,0.00086705026,3.3374065e-10,8.957159e-07,0.001609032,0.00029107096,1.4062688e-08,513.2683638120951,10.60668312830736,1.8283842848696177,290.1852099165336,1.1134707e-06,9.070294784580499e-05,0.71424145,0.04325748597136223,0.011412551834124214
Echo of Spring,1,1,happy,0.0010000000003474862,0.88923615,0.45101354,0.19609739,0.7802838,0.36866823,0.36794952,10217.5048828125,0.22188866,0.74596226,0.0002301258748809441,1.8117114684215996e-10,3.9243438267821795e-07,0.0005258542325744151,0.00015175777015515783,7.832026080281449e-09,2.8451070696001615e-07,0.00046360024,4.945332e-10,6.5506975e-07,0.0010071982,0.00027522034,1.345013e-08,1.1964441e-06,-69.23002,45.56496,-6.506239,11.613996,-3.697013,11.233906,-4.128211,10.2665825,209.45857,18.062918,10.827687,26.51778,-20.639,10.0025215,2.8296707,8.774129,-3.2412646,9.857061,-8.467555,10.299723,-6.8047132,9.696529,-10.2176695,10.774864,-11.332831,8.572416,0.00028407644422830266,1.5514508066343965e-10,4.031920978113334e-07,0.0006537398901134035,0.00018284479557552195,7.896543810180714e-09,4.109004600065261e-05,994.2666666666667,1187.1666666666667,3.777093406333953e-07,4.366666666666666,0.8677559,0.9806184,-0.03373125968188678,0.1628134338547514,0.0,0.3659502322787128,0.501128600910861,0.39879577502436125,0.0,0.04672438206533535,0.8129335116232391,0.0,0.2835611817541826,0.6599953869426851,0.3555513776001633,0.0,0.8487397209973826,0.9052156,0.42418984,-38.30264,9.995126,-79.94386,0.78821105,-74.56502,8.944129,-37.496346,11.849539,-52.74582,14.707305,-79.43253,2.8583522,3.2835972,0.94990844,-57.873173,7.0978985,0.6149344045397003,129.19921875,0.00057723466,4.100967e-10,8.9929426e-07,0.0012974216,0.00038085246,1.9266533e-08,638.9421110487345,5.335448343605205,0.9919403394254158,349.2761303321411,1.5396054e-06,4.5351473922902495e-05,0.6315929,0.05700267874419505,0.018573095611916706
Echo of Spring,2,1,happy,0.0010000000000000172,0.89682364,0.37700045,0.17711219,0.78867143,0.31929538,0.31154808,96.8994140625,0.19295347,0.86234033,0.0002992263724386631,3.962349376538088e-10,5.581911313619702e-07,0.0005922891062878913,0.0001455361681113527,9.444101376870631e-09,2.9287646064666676e-07,0.0006035313,5.7306e-10,7.898372e-07,0.0011169042,0.00025026398,1.2929753e-08,1.1728448e-06,-52.005135,33.863728,-6.332063,9.023252,-5.1806817,9.69463,-4.981556,10.21956,222.26344,11.292397,-12.119646,18.1919,-20.030165,11.350567,7.3987627,8.155369,-10.672976,8.93024,-12.561691,8.505939,-7.9211583,7.8149786,-12.267196,10.203511,-10.35897,8.505374,0.0003667590231595158,3.408893519708992e-10,5.79047743677381e-07,0.000723679035824655,0.0001737179086735919,6.824619464184247e-09,5.6463300148974907e-05,989.9,1188.2333333333333,3.7047651438211464e-07,4.966666666666667,0.87907517,0.85159916,-0.0969489795212573,0.14129886822780452,0.0,0.2812259325980507,0.3979310133197445,0.3467309428419201,0.0,0.08081019943417397,0.8142239422680437,0.0,0.2159909265442175,0.7479704358638977,0.37862948872043667,0.0,0.8165248624706848,0.94348633,0.3304528,-36.262283,10.141834,-79.92079,0.9319333,-71.17796,10.630193,-34.276413,11.464365,-47.874447,13.688495,-79.13781,3.4074407,3.5164616,0.75768435,-56.88738,7.8362627,0.5152701803004486,135.99917763157896,0.0007457117,5.924185e-10,1.0838816e-06,0.0014010797,0.00033938425,1.3299993e-08,584.7867033945042,6.800882168197343,1.379475580327132,336.51004248332833,1.4655341e-06,9.070294784580499e-05,0.6600683,0.057032534950657895,0.014054376108170516
"Haydn - Piano Sonata in E-Flat Major, No.62, Hob.XVI52",0,1,happy,0.0010000000123688646,0.73227024,0.26276815,0.26813143,0.5615799,0.28854704,0.31384337,220.71533203125,0.27867624,0.30499166,0.0002857616465456962,2.536750992317625e-09,1.7911655116061072e-06,0.0003894395950447758,0.0001523656491626961,5.989014881391757e-08,5.205120213820034e-07,0.0005137247,3.960009e-09,3.065528e-06,0.0006398272,0.00025682253,9.5023964e-08,2.4339022e-06,-64.39278,86.35141,-3.3299322,9.417153,-3.8473992,9.694505,-6.293273,8.559438,171.03017,38.28701,-2.163135,33.043842,-12.817979,18.349379,-5.2621436,15.237033,-11.540599,12.947717,-17.291443,11.387521,-17.630754,9.673432,-14.211633,8.672744,-7.518348,8.965731,0.000404834346431028,3.625800337664832e-09,2.4688781960510243e-06,0.0005375006164618172,0.00020444606781991952,8.012049202492564e-08,0.0003933121513039896,935.3,1312.0333333333333,7.369200343790157e-07,3.033333333333333,0.89363223,1.349244,-0.040786059340690295,0.25452238504446656,0.0,0.2318001220464939,0.3460526364998174,0.21066247649998013,0.0,0.2369073389526848,0.3390632889683937,0.0,0.13297101970631692,0.3635198975442362,0.3140085157685686,0.0,0.39243225527222925,0.8059247,0.59201175,-47.82568,14.06779,-79.7574,1.703793,-72.90571,10.313041,-43.286705,13.701416,-56.26425,15.413181,-78.26612,4.931564,3.2285461,1.3497982,-71.66125,9.660999,0.5314689713631896,151.99908088235293,0.00075713603,7.014278e-09,4.8146476e-06,0.0010335183,0.00039939754,1.5343541e-07,606.3449926745617,16.652098338005285,2.3501267437769764,380.9983792146847,6.261404e-06,0.0,0.45285004,0.05498530621130031,0.015383812877384407
"Haydn - Piano Sonata in E-Flat Major, No.62, Hob.XVI52",1,1,happy,0.0010000000000748286,0.7822301,0.15116663,0.26350334,0.59604883,0.23280367,0.34961626,156.11572265625,0.21868673,0.39560935,0.0002364322865189243,3.952755060718569e-12,2.9938979425263475e-07,0.0007291186012043943,0.00011449746762283779,6.722704549636476e-10,1.6222045611693511e-07,0.00041428942,5.8521187e-12,5.3455386e-07,0.0011383438,0.0002030936,1.0592589e-09,1.9174156e-06,-140.76021,69.6518,-8.599334,8.639552,-9.199897,7.8263683,-10.159717,9.349619,152.71387,52.911953,35.235252,21.007778,-11.718141,17.802094,-8.62182,10.790555,-10.44548,11.60616,-18.348173,11.637527,-19.638248,11.752151,-15.796002,9.970242,-11.198271,9.245952,0.00033071505973493464,7.337484955026489e-12,4.1494650564312355e-07,0.0009836983738449902,0.00014307453636291313,8.62170485196254e-10,6.49740283240803e-06,741.8,935.4,1.9217178150564186e-07,1.3,0.5575868,1.0556651,-0.05799271120961058,0.36450078760701127,0.0,0.18948681925072325,0.27895087000056273,0.1914257916520096,0.0,0.3641320679221757,0.14500165052214034,0.0,0.26758924880154034,0.33420845841835994,0.2892365091647631,0.0,0.12570831570533705,0.70673436,0.70687133,-53.34207,15.989427,-79.99873,0.07269552,-78.46352,5.1177716,-47.00245,16.696335,-64.52232,15.66179,-79.9423,0.8299357,2.2188795,1.0040586,-73.59216,8.851089,0.4603554445638096,151.99908088235293,0.0006078123,1.541208e-11,7.92604e-07,0.0018247173,0.00029347796,1.614942e-09,511.7785526232844,10.405783086989786,1.7345586863818492,237.87031187610484,2.6812183e-06,4.5351473922902495e-05,0.50423557,0.04296875,0.014825160778212788
"Haydn - Piano Sonata in E-Flat Major, No.62, Hob.XVI52",2,1,happy,0.0010000000005018085,0.5813889,0.24276917,0.20991167,0.42208672,0.25068226,0.309415,10427.45361328125,0.21451806,0.30897856,0.00020972625582205655,1.2395263684271619e-09,1.1392924883960024e-06,0.0002879493460521231,0.0001387277594160308,1.9755649349131796e-08,1.2020153825714971e-06,0.00038881612,2.491526e-09,1.9163e-06,0.0005147253,0.0002676572,3.5780523e-08,2.9796734e-06,-74.2903,75.75753,-2.2221982,11.542281,-5.2931623,10.405838,-8.702106,10.042515,186.34758,34.12007,7.3990617,33.459267,-13.745138,15.931439,-2.5207005,12.999983,-9.600968,10.944399,-15.286287,10.558682,-10.02408,10.351014,-5.5038543,10.79895,-2.839621,10.495839,0.00035554250637147896,1.8156085265188042e-09,1.805531175178633e-06,0.00048098157359883576,0.00018124790770451547,3.0036804778043275e-08,0.00031323793474442044,935.9666666666667,1321.5,2.1015213068621916e-06,2.433333333333333,1.0075011,1.6366823,-0.1881364463741786,0.10425950181986858,0.0,0.13790612081540884,0.30056668012970855,0.12927024844440826,0.0,0.03548073365514869,0.4741313799213487,0.0,0.2826925536564655,0.35074730285400196,0.3225204446085502,0.0,0.5995404308456271,0.8481039,0.5292306,-41.604374,12.222373,-79.796074,1.5794462,-73.652245,9.756299,-41.675346,12.58045,-55.053333,15.328686,-78.58115,4.4373164,3.3718626,1.3534948,-68.97981,9.70607,0.5881722173695417,161.4990234375,0.0007542873,4.455578e-09,3.79534e-06,0.0010013144,0.0003945343,6.9490014e-08,638.3212845446373,11.502362819923082,1.5891370398023081,377.9255062616722,5.4876127e-06,0.01165532879818594,0.2873881,0.05509414909055728,0.01827978748111358
"Kitten on the Keys by Zez Confrey (newer version)  Cory Hall, pianist-composer",0,1,happy,0.0010000000031814256,0.68933994,0.191093,0.4408592,0.5853461,0.3138061,0.51601005,123.81591796875,0.2727386,0.32988584,0.00027552615757266434,1.13529020267937e-09,1.446204604040843e-06,0.0007638550410954636,0.00010781363128192258,3.184433986116963e-08,2.3817846354615355e-07,0.00052053225,1.8229592e-09,2.7469819e-06,0.0014551684,0.00020576075,5.8093377e-08,5.4002464e-07,-9.4217205,36.062305,-8.432808,8.735076,-10.3334,8.648816,-10.398698,7.96443,203.2533,15.317761,-48.865387,9.910823,8.592309,9.892723,-6.804237,10.60905,-14.809221,8.3229685,-8.848135,7.854684,-13.1556635,8.86848,-7.2174134,9.547933,-9.163209,9.863556,0.00033099595462866496,1.4391470343454386e-09,1.8676047258573568e-06,0.0009467165557006782,0.00013272895128998998,4.2418528714330955e-08,0.0005044001878386428,833.7666666666667,1178.1,3.6284089018797375e-07,4.266666666666667,1.1796564,1.5698513,0.06040268770637372,0.17623648666889288,0.0,0.2056949036460835,0.38027195568591415,0.2232273656016357,0.0,0.12072133741310073,0.11714565277066419,0.0,0.12670008462920318,0.2617432085289701,0.181920878246263,0.0,0.07364588405159599,0.96440876,0.26295075,-35.40499,11.524742,-79.22794,2.8540308,-59.186867,10.94734,-29.953716,11.543648,-41.560764,12.116236,-72.610825,7.9076433,4.7732096,1.3681105,-56.514114,7.0962167,0.5004455873751008,107.666015625,0.0006496404,2.8901586e-09,3.7970376e-06,0.0019027552,0.00027154517,8.518621e-08,534.3557686802448,15.576562579622163,2.4691457342223653,359.5129558660398,8.2406154e-07,0.0,0.6818133,0.05738211711493808,0.012512537881793588
"Kitten on the Keys by Zez Confrey (newer version)  Cory Hall, pianist-composer",1,1,happy,0.0010000000002660784,0.65862626,0.1543617,0.48367852,0.5744031,0.3108723,0.5195743,123.81591796875,0.31096375,0.23163332,0.0003056480715441724,8.143570147573477e-10,1.982250967155889e-06,0.0006441316109929237,0.00011880523768197989,3.72647671747226e-08,2.4751658485460434e-07,0.00058460474,1.1744232e-09,3.4356426e-06,0.0012179693,0.00022954497,6.059714e-08,6.000155e-07,-13.463753,38.327026,-9.768732,10.369023,-11.97619,9.968021,-10.979709,9.245515,201.35115,16.81698,-47.707985,12.694614,-2.2869859,16.915056,-2.9451308,12.145302,-9.465611,11.797577,-4.431444,9.606908,-10.282971,9.437194,-6.4346895,10.293479,-7.9408317,10.882877,0.00037149203146420723,1.1250792418481458e-09,2.5735162649192545e-06,0.0008166215354229086,0.0001468857261894906,5.003117916616803e-08,0.0005125377702292486,989.1999999999999,1496.2,4.0773486632704046e-07,4.733333333333333,1.2170888,1.5644836,0.0005584109243220448,0.10770451274852946,0.0,0.14956373324375052,0.27819902147948666,0.2529211433601591,0.0,0.0383121932594261,0.10470743903115294,0.0,0.20980051061901156,0.20502629442733564,0.23395755533895582,0.0,0.07547945151490354,0.96177024,0.27296942,-36.20092,11.641832,-79.39511,2.385385,-60.79556,10.916495,-32.12137,11.630583,-41.917267,11.949787,-73.68179,7.438547,4.7194095,1.3153942,-57.221592,7.2492437,0.5111578635448802,107.666015625,0.0007355595,2.1351994e-09,4.74933e-06,0.0016258698,0.0003030151,8.859435e-08,610.5818485851163,7.668285015920239,1.6184376033945818,437.90825102437344,9.647096e-07,0.0,0.6730142,0.0672720799874226,0.02186205924233465
"Kitten on the Keys by Zez Confrey (newer version)  Cory Hall, pianist-composer",2,1,happy,0.0010000000000000555,0.6595316,0.18028799,0.43127367,0.58839136,0.30258057,0.5176105,123.81591796875,0.25328064,0.19755349,0.00022434342941659246,1.7358173649307173e-09,2.259051963705645e-06,0.0006826989582246557,0.00012068436051341025,4.9556434672748364e-08,1.7131067295829887e-07,0.00042824366,2.455238e-09,4.135955e-06,0.0012840955,0.00022114081,8.322488e-08,5.737662e-07,-0.37145978,40.373573,-8.444604,8.779268,-9.85897,8.769238,-8.213057,7.958056,193.64456,15.966781,-56.670757,11.175382,10.746995,11.812489,-11.3789625,10.209707,-10.968895,9.008465,-9.100503,8.324971,-12.418833,8.557101,-6.4202633,8.977356,-8.556442,8.06364,0.0002873463068146244,2.4736051521936563e-09,3.0628752958339774e-06,0.0008281930555325076,0.00015251620590110056,7.03048072864732e-08,0.0008430106081575863,934.9333333333333,1405.3666666666666,3.0304156679648727e-07,4.333333333333333,1.2621489,1.7841592,0.03150300326671679,0.1348862942550141,0.0,0.21042506828966726,0.29984728081843387,0.22507919984266406,0.0,0.05546532749446894,0.05118613684426334,0.0,0.11642239195196288,0.13815358539853842,0.25464824930144386,0.0,0.01235021813522841,0.95744735,0.28154358,-35.933327,11.308042,-78.70989,3.6453743,-57.06483,10.799288,-31.071033,11.715519,-40.580574,11.889966,-70.40279,8.645264,5.0720925,1.5428264,-56.626728,7.3882875,0.4955293500232359,107.666015625,0.00057503954,4.558111e-09,5.965219e-06,0.0016626936,0.00030443535,1.3380728e-07,612.4265962377957,11.160945590965742,2.026750614057688,423.2020180922874,8.5936153e-07,0.0,0.6437855,0.06555704878579721,0.018636403760044825
"Mozart - Piano Sonata No. 16 in C Major, K.545 (1st Mvt)",0,1,happy,0.0010000000014772697,0.9116319,0.09396132,0.35257602,0.52130055,0.248302,0.41629127,96.8994140625,0.28879434,0.97741127,0.00017453545646000613,6.243753628704648e-11,8.32672099744834e-07,0.0005227665594961132,0.00016866544432395634,6.917825121182397e-09,1.1878850199174079e-05,0.00033399728,9.260652e-11,1.4867778e-06,0.0008751788,0.00028809943,1.2271676e-08,2.1722779e-05,-90.42919,56.92832,-9.550872,10.9650955,-4.676875,9.092755,0.47176227,8.567526,203.38951,22.697775,14.03135,31.559767,-2.187506,12.356797,0.8862146,10.363878,-16.599154,9.092442,-12.213848,10.827991,-3.3430862,10.1051,-1.6367749,11.350004,-6.8740077,9.229265,0.0002573126931305567,1.1250859904443474e-10,1.2273123202105265e-06,0.0006571529607027242,0.00020871535579115256,9.980676602390729e-09,5.0545504284895334e-05,991.9,993.7666666666667,1.7706764389000226e-05,4.8,0.9226809,1.1360456,-0.12027099375388978,0.42307284696713426,0.0,0.25568067275979267,0.31779550706818804,0.3083648435617047,0.0,0.4513468040480978,0.23720666209126914,0.0,0.4311818977654766,0.32754835007825217,0.4770346715646882,0.0,0.18817091650581663,0.8923669,0.4511155,-39.35309,9.442174,-79.965775,0.56560844,-73.18687,9.626876,-37.59362,12.375823,-54.609814,16.337101,-79.020294,3.4581757,3.3354797,1.0472847,-44.39614,7.636993,0.5401115333098488,117.45383522727273,0.0005037475,2.118803e-10,2.2994743e-06,0.0012442026,0.00039753583,1.887568e-08,618.4749380551964,7.943547858428574,1.1251360222295836,303.75694999544555,3.2423704e-05,0.00018140589569160998,0.45382366,0.05331487035603715,0.015452742934064527
"Mozart - Piano Sonata No. 16 in C Major, K.545 (1st Mvt)",1,1,happy,0.0010000000000013236,0.8987061,0.17128879,0.3103177,0.42015237,0.27815488,0.36710572,69.98291015625,0.351365,0.9839414,0.0003760313194531627,2.1031746997264912e-10,2.799913748864119e-06,0.0005567689795224009,0.0001230601448016424,1.9684957125570964e-08,1.0806239993756558e-05,0.0007024207,3.3721576e-10,4.80288e-06,0.0009866557,0.00020562978,3.132542e-08,2.535399e-05,-60.580883,58.181683,-2.5583558,9.64778,1.9463431,10.699374,-0.91813797,9.248246,202.68993,18.261213,-10.217057,27.7983,3.367004,15.372952,7.3930187,14.132658,-17.288391,11.192631,-8.716724,10.425064,-3.350489,9.87552,-4.355379,10.818631,-5.684139,10.766935,0.000530973158030625,2.359747581037838e-10,3.9334953389579455e-06,0.0007615538094732707,0.00014829151266181807,2.628153588963249e-08,0.00010165711419885279,741.8,1049.9,1.5180734651608407e-05,4.5,0.96628135,1.3064511,-0.07001950508225802,0.5248262828758177,0.0,0.21591632739418154,0.4373641596776804,0.2429727341948866,0.0,0.5331781565772262,0.35017408298690705,0.0,0.23743986075077758,0.26867345329610165,0.42045482488091174,0.0,0.3380799709578621,0.88481456,0.46557957,-37.74087,10.725808,-79.9405,0.77367985,-69.741554,11.66243,-37.812386,12.470863,-51.902836,15.005269,-78.36239,4.66893,3.6297247,1.1209524,-44.65095,7.4164605,0.5419943118870584,123.046875,0.0010134473,4.2723292e-10,7.405419e-06,0.0014667235,0.00028645695,4.9379384e-08,510.5833810793914,15.105644090093294,2.6767783260573936,348.705951022444,3.5622877e-05,0.0,0.42504328,0.05340330519543344,0.013668778045020166
"Mozart - Piano Sonata No. 16 in C Major, K.545 (1st Mvt)",2,1,happy,0.001000000000812405,0.9011035,0.06977827,0.32515436,0.42749256,0.21703382,0.38438666,75.3662109375,0.24043874,0.968999,0.0003379087975336414,4.563949154990888e-11,2.6531676916460463e-07,0.000494484119216685,0.00011893602813953213,3.591668751168804e-09,1.0010237852924364e-05,0.0006354812,5.3230826e-11,5.074057e-07,0.00091756886,0.00022626393,7.481401e-09,2.0893003e-05,-82.67607,50.331192,-4.190624,11.140539,-1.2838538,11.408147,-0.09219096,10.253608,203.92038,25.33328,13.80646,27.945833,-8.602759,12.19795,-2.413615,11.940299,-18.687857,11.4911375,-13.124914,12.706787,-4.1775193,11.570194,-2.6247964,12.726601,-3.8562207,11.57859,0.0004979959033540346,9.453545995988759e-11,4.052273100983725e-07,0.0006102943424308179,0.0001522423621948592,5.79185277610362e-09,5.852052848886457e-05,882.4333333333333,991.6333333333333,1.5102504587469447e-05,6.3,0.8732917,0.95112693,-0.1294584955287792,0.4774038636319626,0.0,0.05756566453917308,0.5250437534875382,0.23113431439123824,0.0,0.4830156226051709,0.26478682208609944,0.0,0.2045483657012679,0.376572459895102,0.45960149353352264,0.0,0.23261705780584524,0.90635365,0.42004797,-40.267784,10.370787,-79.98077,0.39545834,-74.0392,8.907168,-38.472626,12.392595,-54.83892,16.0689,-79.37044,2.7327895,3.222303,0.921451,-45.72182,7.403207,0.3824150017699017,129.19921875,0.0009666674,1.5212998e-10,8.853855e-07,0.0012709922,0.0003285991,1.2716667e-08,533.8834697057299,7.967784356550019,1.220000314045297,284.21353181687266,3.1590145e-05,0.00013605442176870748,0.35615748,0.0524222075754644,0.01471629404715014
Mozart - Rondo Alla Turca (Turkish March),0,1,happy,0.0010000000000108874,0.8795778,0.13645425,0.27056158,0.48559403,0.23198241,0.29719302,75.3662109375,0.27047515,0.94495285,0.0007612885879708752,3.8309577794857597e-10,3.4077530960464834e-06,0.00042301496114552015,8.903184518703923e-05,3.7688360583237296e-08,6.884268936026695e-06,0.0014168579,5.7683497e-10,5.656509e-06,0.0007244743,0.00014870893,6.151193e-08,1.4262046e-05,-39.75445,63.957874,-5.2250166,9.1546,-7.26591,9.869534,-3.6733437,9.462956,203.62405,15.886458,-30.191675,24.960878,14.298698,18.210499,12.059196,10.564555,-11.665975,9.165859,0.75789934,9.6140175,2.6912704,7.6947966,-5.0013723,8.44031,-7.250223,8.474608,0.001070946893341756,4.972757621589268e-10,4.10381420803345e-06,0.0006278561533570999,0.00010545969957104158,4.74191245878354e-08,0.0001672320210004526,881.6666666666666,1120.1666666666667,9.537766419196669e-06,5.0,1.1810347,1.6081076,0.04832262229030146,0.5713807072817876,0.0,0.28392311855942864,0.5795247419010181,0.17976532154791178,0.0,0.5527322739822257,0.35008003539325677,0.0,0.11954262977128126,0.4789479889527143,0.22961445899644503,0.0,0.3146925080297325,0.8686054,0.49536273,-31.939745,11.319749,-79.79593,1.504357,-63.962036,12.950973,-35.421665,12.007202,-48.014492,13.585183,-76.46122,6.807513,4.236096,1.186092,-43.132442,6.345153,0.6005658125635048,123.046875,0.002020236,9.155143e-10,7.740086e-06,0.0011868726,0.00020838964,8.788761e-08,497.2888659002151,12.51241250633452,2.4005104570236773,425.8088485727068,1.9791896e-05,4.5351473922902495e-05,0.45538294,0.057463749274380804,0.013482137804992387
Mozart - Rondo Alla Turca (Turkish March),1,1,happy,0.0010000000000000263,0.8788028,0.12723613,0.24973233,0.41807196,0.21905196,0.29008895,75.3662109375,0.2571778,0.94790876,0.0007132516994746057,3.028313297027833e-10,2.757720145803872e-06,0.00033047113373252667,9.018075628103932e-05,3.118989058086221e-08,7.827730230644947e-06,0.0013891823,4.7512244e-10,4.5940537e-06,0.0005765057,0.00015425701,5.394115e-08,1.5398018e-05,-28.892282,52.701782,-3.483177,10.055199,-7.3046737,10.059766,-5.802972,10.0096855,207.25735,15.59095,-36.652527,20.887676,14.589565,17.64524,9.338341,9.881669,-12.863685,10.535252,2.773822,9.369187,2.7348037,8.544659,-3.9090564,9.289308,-5.3187885,10.326445,0.0010453757494141784,4.1085700127279293e-10,3.4462480959184097e-06,0.0005437504880426791,0.00010899240635268832,4.3251249646813236e-08,0.0001576784711633671,880.8,1118.1,1.123120754528282e-05,5.833333333333333,1.1860901,1.4827616,0.023537664035739675,0.588794613357336,0.0,0.25472781271799594,0.5666586432567594,0.17681605433637884,0.0,0.5681262820633022,0.36032875566510025,0.0,0.12835866532277335,0.5477858378049753,0.2418328375660234,0.0,0.2981966782788155,0.91736597,0.39765698,-30.71241,10.67986,-79.79244,1.5022491,-62.342285,12.641828,-34.40948,11.781361,-45.73297,12.855506,-75.94542,7.1450157,4.365438,1.0856807,-42.642746,6.768454,0.589788927067635,123.046875,0.0020605798,8.134085e-10,6.714899e-06,0.0010770981,0.00022123067,8.622379e-08,495.7667801095261,12.648562084614662,2.37217609086476,417.88253501053293,2.2138966e-05,9.070294784580499e-05,0.40837038,0.05918671693595201,0.013865844013611657
Mozart - Rondo Alla Turca (Turkish March),2,1,happy,0.0010000000000000002,0.87061113,0.16099219,0.2633899,0.48509732,0.24084699,0.29441443,75.3662109375,0.26795095,0.9418047,0.0007237006224875573,6.332105002226423e-10,3.9911758658206665e-06,0.0003732734900813867,9.203318269470164e-05,6.251567048140728e-08,7.264105406935621e-06,0.0013542988,1.018106e-09,6.6907505e-06,0.0006435175,0.00014908085,1.0405465e-07,1.4262784e-05,-21.116522,61.92652,-5.658312,7.8371267,-9.230614,9.0046625,-5.1509385,8.0447,200.50914,14.9790945,-43.42802,21.729822,22.738714,16.992567,7.3232937,10.828948,-8.125034,9.753058,4.0736113,9.618656,3.8144662,7.5139027,-3.1867075,8.838719,-9.614133,7.5678563,0.0010710544898609449,7.876455445465219e-10,5.230326506367674e-06,0.0005829947087540601,0.00010963163757979446,8.80183413548936e-08,0.0002493246303470703,883.8,1322.3666666666666,1.0546750723422885e-05,5.266666666666667,1.2124615,1.5003977,0.060264777727126434,0.6278858663751374,0.0,0.2380162447100775,0.6421097645937309,0.21837639930551783,0.0,0.5963168062650446,0.33750411869799835,0.0,0.16331794028490018,0.4832382829284899,0.2221357047036055,0.0,0.30745773482819905,0.8953597,0.4449122,-29.516174,11.044999,-79.59854,2.1081705,-59.84739,13.114151,-33.724834,11.699574,-45.066616,12.976927,-73.98987,8.43878,4.574127,1.135413,-42.29404,6.7157593,0.565504504043208,129.19921875,0.002037867,1.4881946e-09,9.923193e-06,0.0011078495,0.00021652335,1.668847e-07,525.2081003196513,12.008613263510352,2.3501701798147137,461.4839169562811,2.0742533e-05,0.0,0.38494802,0.06328268612132353,0.01407992126537028
The Entertainer,0,1,happy,0.0010000000000027144,1.0,0.99434555,1.0,1.0,0.99738896,1.0,75.3662109375,0.99981475,1.0,0.0003074503666538728,7.385469724581517e-09,2.863267769761561e-05,0.0005018096577332357,0.0001619809836543199,3.9516882404698034e-07,0.00014399287561313502,0.00063425046,1.4659314e-08,5.756131e-05,0.001001277,0.00032691803,8.034338e-07,0.00033990128,41.32359,50.86538,3.787962,9.65368,5.1335864,10.171507,1.0988734,8.512471,151.28592,14.339936,-71.76629,10.00648,43.812614,11.9593725,12.316849,13.324286,1.8229545,7.0835977,2.6747925,7.0782776,1.4269607,6.588501,-11.796032,7.234733,-3.3478074,7.5290575,0.00030745036657085903,7.3876858222595995e-09,2.863267767010273e-05,0.0005018096575802469,0.00016198098359008757,3.951735191101103e-07,0.003105172604755357,1621.8,2596.133333333333,0.00014399287568995063,4.5,1.3299135,2.0403254,-0.00711203711083408,0.6956415864844762,0.0,0.7065345523251372,0.6888311562546474,0.7006541756387844,0.0,0.6749143321410692,0.6647865685203009,0.0,0.7070420373304791,0.7205185492015186,0.7080607871638541,0.0,0.7408264550482877,0.93829477,0.34545293,-35.276745,10.397787,-76.203255,5.307379,-48.90085,12.436959,-38.614788,13.134897,-43.516605,12.592591,-65.05395,9.701969,5.7872915,1.5070436,-31.563574,7.598973,0.4938694831947495,161.4990234375,0.00063425046,1.46644155e-08,5.756131e-05,0.001001277,0.00032691803,8.034439e-07,948.7177332837048,4.572030288525396,1.212346298277768,776.6258883494572,0.00033990128,0.0,0.9999999,0.0991180703366873,0.01893981555043798
The Entertainer,1,1,happy,0.0010000000000084436,1.0,0.9952446,1.0,1.0,0.9977926,1.0,0.0,0.99978036,1.0,0.00030652862345049016,6.290789458579265e-09,2.969130883941666e-05,0.0005375365965631283,0.00014955919972737218,4.132585475387152e-07,0.00015170060741675215,0.0006556528,1.2742875e-08,5.9826947e-05,0.0010638911,0.00029926407,8.4622894e-07,0.00038284,34.73989,50.49857,-0.0040789153,9.924278,1.0252581,10.557592,-1.6695037,9.128633,149.28786,16.048466,-71.40498,11.278479,45.223747,11.732845,17.064756,13.272964,5.561005,8.786673,4.4833827,7.111641,3.1433494,7.4417806,-8.692674,8.218223,-3.4086838,8.891263,0.0003065286240073733,6.2927148744489225e-09,2.969130882731142e-05,0.000537536597779914,0.0001495591996640604,4.1326284627741677e-07,0.002788381499911048,1826.1333333333332,2521.9333333333334,0.00015170060718503478,4.633333333333334,1.3152115,2.0004663,-0.005232149632825811,0.8106098042587636,0.0,0.699492256305951,0.7405212170813004,0.6720596747062324,0.0,0.7705843394406846,0.6084659869511513,0.0,0.7130123842784296,0.6735370060020415,0.7170327056503454,0.0,0.6506210427217379,0.93656343,0.3487956,-34.368843,10.3954935,-76.013145,5.275803,-49.012486,12.588617,-38.07283,13.404128,-43.572903,12.625702,-64.79823,9.685549,5.814228,1.4748155,-29.951927,7.9385753,0.453421612318446,172.265625,0.0006556528,1.2748276e-08,5.9826947e-05,0.0010638911,0.00029926407,8.462382e-07,961.2360707286924,3.985002470331818,1.0506679954669258,800.4769342365452,0.00038284,0.0,0.9999998,0.0997174620259288,0.023494869483904106
The Entertainer,2,1,happy,0.0010000000000000015,1.0,0.99204886,1.0,1.0,0.99627465,1.0,0.0,0.99944246,1.0,0.000504065962398572,7.072845297456292e-09,2.83989518295076e-05,0.0005924263183522825,0.00011526397747319837,3.0787696895510195e-07,0.0002257799082452305,0.001020956,1.3778463e-08,5.6245826e-05,0.0011976458,0.00022645685,5.9727836e-07,0.0005360115,29.927927,57.60584,-1.2629657,11.089985,-3.1511235,10.519588,-1.927009,8.461649,151.9882,16.485485,-61.333,15.082104,43.96785,13.570602,14.885145,12.600741,-0.9850895,8.187489,1.0007396,7.820817,4.097832,8.275483,-5.4239254,9.29445,-0.46905276,9.511265,0.0005040661016078173,7.076541196643572e-09,2.8398959854628158e-05,0.0005924264862428047,0.0001152640098008014,3.078904627148529e-07,0.0030930468992845087,1640.1333333333332,2551.8,0.0002257799723361225,4.1,1.3375664,2.1117806,-0.026450473181812373,0.7508859282532724,0.0,0.7073314918414334,0.5680327008616505,0.6563674475078397,0.0,0.9126890483051899,0.6131789904239504,0.0,0.7058978114687783,0.8479224619780737,0.6952342833063487,0.0,0.4913146944520437,0.9346969,0.35444307,-35.90357,10.544018,-76.81612,4.755068,-51.930893,12.854743,-38.24036,13.555242,-46.06422,12.609422,-67.275856,9.123742,5.62822,1.5448002,-30.081003,7.9828176,0.4963477218874279,89.10290948275862,0.0010209562,1.3787643e-08,5.6245834e-05,0.0011976461,0.00022645692,5.9731315e-07,822.581900507121,5.09427215715519,1.5321692142527599,797.487874587117,0.00053601165,0.0,0.9999998,0.08834375907023993,0.022862180038030346
The Heart Asks Pleasure First - Michael Nyman,0,1,happy,0.001000000025894317,0.6990794,0.36814722,0.35703027,0.6142763,0.38907388,0.33662167,80.74951171875,0.44665107,0.6692134,0.0005267822038773903,5.71914394474736e-09,1.288218780510023e-06,0.000902324805233181,5.933432801527372e-05,9.009620762370927e-08,3.8224111411177085e-07,0.0009649734,1.1009271e-08,2.3009632e-06,0.0018034315,0.000110496665,1.7197377e-07,8.6424166e-07,-19.685812,30.265987,-18.242737,9.940851,-13.013359,9.77146,-8.119805,6.981829,202.28055,15.28099,-36.00648,9.490939,22.850735,10.465973,3.9481356,10.549996,-4.4568143,8.105113,-10.547205,8.719464,-12.766669,8.5317,-11.171372,10.04383,-12.7089205,8.63271,0.0006178801423741486,7.082429761421272e-09,1.5833070640782425e-06,0.0010819654036485769,7.775824662056006e-05,1.017302443623852e-07,0.0003272338170306562,587.4666666666667,990.0333333333333,4.76238353869159e-07,5.133333333333334,1.0266011,1.1312579,0.020877140368132124,0.3291537010804237,0.0,0.07954926937080888,0.5643646154113182,0.18958142184287555,0.0,0.20721848400443726,0.22339003167408844,0.0,0.12615759873993862,0.19521941335680096,0.2026775780603811,0.0,0.1975231407918561,0.97544366,0.21906641,-31.285877,10.9997,-79.06463,3.6791356,-61.213795,12.1256895,-28.69732,12.455472,-44.56356,12.247603,-74.00498,8.882804,4.5071354,1.1399513,-56.68658,8.536454,0.5020205800046796,172.265625,0.0011537563,1.4257809e-08,3.1678746e-06,0.0021945203,0.0001554289,2.0636108e-07,425.4903386682998,38.93509776353405,4.447596187082877,328.098572371988,1.1096611e-06,-4.5351473922902495e-05,0.7593369,0.04662670218169505,0.009990610439556645
The Heart Asks Pleasure First - Michael Nyman,1,1,happy,0.001000000000428738,0.6210188,0.3941044,0.38026863,0.58570516,0.40324956,0.34207833,64.599609375,0.4422297,0.7016115,0.0003949908225282167,5.853974412961314e-09,1.5689087024155535e-06,0.0008035159485757956,5.546304887112812e-05,1.0540329509179875e-07,3.8032452777007246e-06,0.0007668527,9.479535e-09,2.7369608e-06,0.0018501009,9.955279e-05,1.8802734e-07,3.4444747e-05,-53.1823,78.67273,-17.858347,12.809665,-14.191036,10.63095,-9.328406,7.2991486,178.00197,20.165916,-8.219949,25.52942,6.757075,15.22444,9.080172,8.230844,-6.037648,7.609237,-14.587821,7.4452305,-14.0394945,8.609075,-13.039308,9.285892,-15.910616,9.130033,0.0004948027194408743,7.132671347322573e-09,1.8534374400759367e-06,0.0009985426700027504,7.107558445689459e-05,1.1741732835984377e-07,0.0003545008063300716,588.0666666666666,1111.4666666666667,4.678472737737724e-06,3.1,0.79906905,1.081912,-0.006791128010153469,0.41824126701751957,0.0,0.03358271584448551,0.39686372752716986,0.10020115266573537,0.0,0.33603757478203433,0.16179314974995954,0.0,0.046877295911084,0.40534493097404484,0.147588963725569,0.0,0.1062075322046625,0.838095,0.5447099,-40.863132,13.666695,-79.6582,2.1836157,-69.710434,12.31354,-37.26192,14.089859,-54.364273,14.982089,-77.23318,6.574978,3.4710863,1.2019799,-64.757034,12.825684,0.2480330478708532,161.4990234375,0.0010218101,1.2757353e-08,3.881943e-06,0.002339742,0.00014675461,2.32794e-07,435.01498828467305,32.37739173165295,4.131340128455666,349.54211679214063,4.0276795e-05,0.0,0.71513456,0.045680373814821984,0.009621778412210263
The Heart Asks Pleasure First - Michael Nyman,2,1,happy,0.001000000000000573,0.61551356,0.31016028,0.33473775,0.5566885,0.3412577,0.31496382,80.74951171875,0.38333088,0.6541863,0.0005398362523588849,1.0183579280991082e-08,1.7313997029736303e-06,0.0008738495137448886,5.0019896933882584e-05,1.3391584478096372e-07,2.098989196693383e-06,0.0010314424,1.7762426e-08,2.9017158e-06,0.0017369579,8.5474414e-05,2.4322665e-07,1.199221e-05,-13.93695,54.44043,-16.35226,11.119527,-11.722276,9.459606,-7.907807,6.491371,191.58643,17.482367,-31.271175,16.41445,23.680159,12.748574,2.3120093,11.5150385,-2.80467,7.789222,-12.334651,9.029737,-11.91394,8.820022,-9.207626,10.013178,-11.937751,8.73714,0.0006643310005189457,1.3057595922160677e-08,2.1451254364169045e-06,0.0010740499805958232,6.754553998552478e-05,1.5295849248555533e-07,0.000734063468411125,588.4666666666667,1049.6,2.6258247498884476e-06,3.8,0.9805585,1.234667,-0.04054779915664178,0.268188629466984,0.0,0.04549695751971071,0.36680916707067884,0.12463347799605189,0.0,0.18063603776665413,0.151604791396866,0.0,0.19230223073127495,0.29717878161050654,0.15531187511733538,0.0,0.10978148805335855,0.95395106,0.29757875,-33.03041,11.3190565,-78.86415,4.1090126,-62.32584,12.5192585,-31.528385,12.641105,-46.817905,12.948202,-73.53089,9.222524,4.4024224,1.378807,-57.437885,11.236932,0.6028306207431865,161.4990234375,0.0013086163,2.4842382e-08,4.2272304e-06,0.002186052,0.00013280482,3.0382574e-07,430.2531005427676,41.14339278122319,4.633936203180476,360.7901417730746,1.4094879e-05,0.0,0.72743404,0.045853464226973686,0.010681410211650512
